"関連分野","区分","順位","会議名","URL","所管","対象分野","直近開催日","備考"
"AI・半導体","官邸・政府横断","","日本成長戦略会議","https://www.cas.go.jp/jp/seisaku/nipponseichosenryaku/index.html","官邸","成長戦略全般・17重点分野","2026年3月10日（第3回）","AI・半導体は17重点分野の一つ"
"AI・半導体","官邸・政府横断","1","AI・半導体WG","https://www8.cao.go.jp/cstp/ai/ai-semi_wg/ai-semi_wg.html","内閣府・経済産業省","AI・半導体","2026年4月3日（第2回）","AI・半導体分野の司令塔会議"
"AI・半導体","官邸・政府横断","","人工知能戦略本部","https://www8.cao.go.jp/cstp/ai/index.html","内閣府","AI政策全般","2025年12月19日（第3回）","AI法・人工知能基本計画の上位本部"
"AI・半導体","官邸・政府横断","2","人工知能戦略専門調査会","https://www8.cao.go.jp/cstp/ai/index.html","内閣府","AI基本計画・指針・制度設計","2026年4月9日（第4回）","AI政策の中核審議会"
"AI・半導体","官邸・政府横断","","人工知能戦略推進会議","https://www8.cao.go.jp/cstp/ai/index.html","内閣府","AI基本計画の実施推進","2025年12月10日（第2回）","実施段階の推進会議"
"AI・半導体","官邸・政府横断","","AI戦略会議","https://www8.cao.go.jp/cstp/ai/ai_plan/ai_plan.html","内閣府","AI制度・競争力・安全性","2025年6月2日（第14回）","AI制度研究会と並ぶ前段の主要会議"
"AI・半導体","官邸・政府横断","","AI制度研究会","https://www8.cao.go.jp/cstp/ai/ai_plan/ai_plan.html","内閣府","AI制度設計","2025年2月4日（中間とりまとめ）","AI法前段の制度検討"
"AI・半導体","官邸・政府横断","9","AIセーフティ・インスティテュート関係府省庁等連絡会議","https://www8.cao.go.jp/cstp/ai/aidata/renrakukaigi.html","内閣府","AI安全性評価・府省連携","2025年3月26日（第3回）","AI安全性の官庁横断連携"
"AI・半導体","官邸・政府横断","","人工知能戦略専門調査会下 産業構造WG","https://www8.cao.go.jp/cstp/ai/index.html","内閣府","AI・産業構造・需要創出","直近日付は今回確認未了","日本成長戦略会議の検討体制資料でAI・半導体WGを支える既存会議体として言及"
"AI・半導体","官邸・政府横断","","基本計画専門調査会","https://www8.cao.go.jp/cstp/tyousakai/kihon7/index.html","内閣府（CSTI）","科学技術・イノベーション基本計画全般","2026年3月16日（第13回）","第7期基本計画の上位会議"
"AI・半導体","官邸・政府横断","","重要技術領域検討WG","https://www8.cao.go.jp/cstp/tyousakai/kihon7/wg/index.html","内閣府（CSTI）","AI・半導体・量子・宇宙など重要技術領域","2025年11月26日（第7回）","AI・半導体を国家戦略技術領域の文脈で整理"
"AI・半導体","省庁","3","半導体・デジタル産業戦略検討会議","https://www.meti.go.jp/policy/mono_info_service/joho/conference/semicon_digital.html","経済産業省","半導体・デジタル産業・デジタルインフラ","2026年3月18日（第15回）","半導体政策の大枠"
"AI・半導体","省庁","4","次世代半導体等小委員会","https://www.meti.go.jp/shingikai/sankoshin/shomu_ryutsu/next_generation_semiconductor/index.html","経済産業省","次世代半導体・供給力強化・需要創出","2026年4月3日（第8回）","半導体の個別実務会議"
"AI・半導体","省庁","6","AI利活用における民事責任の在り方に関する研究会","https://www.meti.go.jp/shingikai/mono_info_service/ai_utilization_civil/index.html","経済産業省","生成AI・AI利活用の法的責任","2026年1月14日（第4回）","2026年4月9日に手引き公表"
"AI・半導体","省庁","8","AI事業者ガイドライン検討会","https://www.meti.go.jp/shingikai/mono_info_service/ai_shakai_jisso/index.html","経済産業省・IPA・AISI","AIガバナンス","2024年3月14日（第3回合同会議）","2025年3月28日に第1.1版公表・Living Documentとして更新"
"AI・半導体","省庁","5","AI for Science推進委員会","https://www.mext.go.jp/b_menu/shingi/chousa/shinkou/077/index.html","文部科学省","AI for Science・研究革新","2026年3月27日（第3回）","研究開発政策の中核"
"AI・半導体","省庁","10","AI for Scienceを支える研究データの管理・利活用と流通の在り方WG","https://www.mext.go.jp/b_menu/shingi/gijyutu/gijyutu29/006/index.html","文部科学省","研究データ基盤・流通","2026年3月26日（第3回）","AI for Scienceの下部WG"
"AI・半導体","省庁","7","次世代半導体のアカデミアにおける研究開発等に関する検討会","https://www.mext.go.jp/b_menu/shingi/chousa/kaihatu/028/index.html","文部科学省","次世代半導体研究基盤・人材育成","2024年7月5日（第7回）","文科省の半導体研究基盤会議"
"AI・半導体","省庁","","AIネットワーク社会推進会議","https://www.soumu.go.jp/main_sosiki/kenkyu/ai_network/","総務省","AIガバナンス・利活用指針","2025年3月28日公表資料で母体会議として確認","AI事業者ガイドライン更新の総務省側の母体"
"AI・半導体","省庁","","AIガバナンス検討会","https://www.soumu.go.jp/main_sosiki/kenkyu/ai_network/","総務省","AIガバナンス・リスク管理","2025年3月28日公表資料で母体会議として確認","AIネットワーク社会推進会議と並ぶ総務省側の母体"
"AI・半導体","省庁","","AIセキュリティ分科会","https://www.soumu.go.jp/main_sosiki/kenkyu/cybersecurity_taskforce/","総務省","AIセキュリティ・技術的対策","2025年12月5日（第6回）","サイバーセキュリティタスクフォース下の分科会"
"造船","官邸・政府横断","","日本成長戦略会議","https://www.cas.go.jp/jp/seisaku/nipponseichosenryaku/index.html","官邸","成長戦略全般・17重点分野","2026年3月10日（第3回）","造船は17重点分野の一つ"
"造船","官邸・政府横断","1","造船WG","https://www.mlit.go.jp/maritime/maritime_tk5_000090.html","国土交通省・内閣府","造船業再生・官民投資・建造能力強化","2026年4月10日（第3回開催予定）","日本成長戦略会議の造船分野の司令塔"
"造船","官邸・政府横断","2","造船業再生に向けた検討会","https://www.mlit.go.jp/maritime/maritime_tk5_000090.html","国土交通省","造船業再生ロードマップ・総合的官民投資策","2025年12月23日（第1回）","造船業再生ロードマップ策定後の実務検討会"
"造船","省庁","3","船舶産業の変革実現のための検討会","https://www.mlit.go.jp/maritime/maritime_tk5_000080.html","国土交通省","船舶産業の変革・デジタル化・人材・次世代船舶対応","2024年6月26日（第5回）","2030年に目指すべき船舶産業の姿・目標を整理"
"造船","省庁","","交通政策審議会 海事分科会","https://www.mlit.go.jp/policy/shingikai/s302_kaiji01.html","国土交通省","海運・造船・船員・船舶交通安全","2026年3月9日（第47回）","造船を含む海事政策の上位審議会"
"造船","省庁","","交通政策審議会 海事分科会 海事イノベーション部会","https://www.mlit.go.jp/policy/shingikai/s303_kaijiinnovation01.html","国土交通省","造船の輸出拡大・海事産業の生産性革命・基盤整備","2021年1月7日（答申）/ 2020年12月11日（第11回）","造船業のあり方と基盤整備の重要な系譜"
"造船","省庁","4","自動運航船検討会","https://www.mlit.go.jp/maritime/maritime_fr7_000046.html","国土交通省","自動運航船・商用運航・安全基準・検査方法","2025年6月3日（第5回）","次世代船舶・高付加価値造船に直結"
"造船","省庁","","自動運航船 安全基準・検査WG","https://www.mlit.go.jp/maritime/maritime_fr7_000047.html","国土交通省","自動運航船の安全基準・検査方法","2025年4月24日（第5回）","自動運航船検討会の下部WG"
"造船","省庁","","新造船政策検討会","https://www.mlit.go.jp/maritime/maritime_tk5_000007.html","国土交通省","造船政策・国際競争力強化","2011年3月10日（第4回）","現在の造船政策の前史"
"造船","省庁","","造船業・海洋産業における人材確保・育成方策に関する検討会","https://www.mlit.go.jp/maritime/maritime_tk5_000025.html","国土交通省","造船人材・技能者・技術者育成","2017年2月14日（第5回）","造船人材政策の系譜"
"造船","省庁","","産業構造審議会 グリーンイノベーションプロジェクト部会 産業構造転換分野WG（次世代船舶の開発関連）","https://www.meti.go.jp/shingikai/sankoshin/green_innovation/industrial_restructuring/010.html","経済産業省","次世代船舶・ゼロエミッション船・GI基金","2022年10月11日（第10回）","「次世代船舶の開発」プロジェクトを審議"
"造船","官邸・政府横断","5","GX実現に向けた専門家WG","https://www.cas.go.jp/jp/seisaku/gx_jikkou_kaigi/index.html","内閣官房GX実行推進室・経済産業省GXグループ","脱炭素・次世代船舶等への投資・GX","2026年3月17日（第16回）","次世代船舶などの脱炭素投資の観点で関連"
"造船","関連TF・周辺","","将来の船舶需要予測検討タスクフォース","https://www.mlit.go.jp/report/press/kaiji05_hh_000302.html","国土交通省海事局","カーボンニュートラル貨物運搬船・将来需要予測","2025年6月20日（中間とりまとめ公表）","独立した会議一覧ページは今回確認未了"
"量子","官邸・政府横断","","日本成長戦略会議","https://www.cas.go.jp/jp/seisaku/nipponseichosenryaku/index.html","官邸","成長戦略全般・17重点分野","2026年3月10日（第3回）","量子は17重点分野の一つ"
"量子","官邸・政府横断","1","量子WG","https://www8.cao.go.jp/cstp/ryoshigijutsu/ryoshi_wg/ryoshi_wg.html","内閣府","量子分野全般・社会実装・産業化","2026年3月26日（第3回）","日本成長戦略会議の量子分野の司令塔WG"
"量子","官邸・政府横断","2","量子技術イノベーション会議","https://www8.cao.go.jp/cstp/ryoshigijutsu/expert_panel.html","内閣府","量子技術戦略・産業化・国際連携・人材育成","2025年12月24日（第27回）","量子政策全体の中核会議"
"量子","官邸・政府横断","","量子技術イノベーション戦略の戦略見直し検討WG","https://www8.cao.go.jp/cstp/ryoshigijutsu/kento_wg/kento_wg.html","内閣府","量子技術イノベーション戦略の改訂・見直し","2022年3月24日（第11回）","量子技術イノベーション戦略ロードマップ改訂の前段会議"
"量子","官邸・政府横断","","量子技術の実用化推進WG","https://www8.cao.go.jp/cstp/ryoshigijutsu/jitsuyo_wg/jitsuyo_wg.html","内閣府","量子技術の実用化・産業化・ユースケース形成","2025年3月1日（第9回）","量子未来産業創出戦略の実装側の系譜"
"量子","官邸・政府横断","","基本計画専門調査会","https://www8.cao.go.jp/cstp/tyousakai/kihon7/index.html","内閣府（CSTI）","科学技術・イノベーション基本計画全般","2026年3月16日（第13回）","量子を重要技術領域として扱う上位会議"
"量子","官邸・政府横断","","重要技術領域検討WG","https://www8.cao.go.jp/cstp/tyousakai/kihon7/wg/index.html","内閣府（CSTI）","AI・量子・半導体・宇宙等の重要技術領域","2025年11月26日（第7回）","量子を国家戦略技術として整理する上流会議"
"量子","省庁","3","量子科学技術委員会（第9期～）","https://www.mext.go.jp/b_menu/shingi/gijyutu/gijyutu2/089/index.htm","文部科学省","量子科学技術・分野別研究開発プラン・研究開発評価","2026年1月22日（第35回）","文科省の量子研究開発政策の中核"
"量子","省庁","4","量子ビーム施設利用推進委員会","https://www.mext.go.jp/b_menu/shingi/gijyutu/gijyutu28/001/index.html","文部科学省","量子ビーム施設・研究基盤・共用化","2026年3月6日（第7回）","量子ビーム分野の基盤整備会議"
"量子","省庁","","国立研究開発法人審議会 量子科学技術研究開発機構部会","https://www.mext.go.jp/b_menu/shingi/kokurituken/010/index.htm","文部科学省","QSTの中長期目標・業務実績・組織運営","2025年12月12日～17日（第36回）","QSTを通じた量子研究基盤の評価・管理"
"量子","省庁","","光・量子飛躍フラッグシッププログラム（Q-LEAP）ガバニングボード","https://www.mext.go.jp/b_menu/shingi/chousa/gijyutu/033/index.htm","文部科学省","光・量子技術の研究開発プログラム管理","2020年2月14日（第10回）","現行の定期会合というよりプログラム運営の系譜"
"量子","省庁","","産業構造審議会 経済産業政策新機軸部会","https://www.meti.go.jp/shingikai/sankoshin/shin_kijiku/index.html","経済産業省","産業政策全般・先端基盤技術","2026年3月5日第30回","第4回で「先端基盤技術（量子・AI）戦略」を議論"
"量子","省庁","","第4回 産業構造審議会 経済産業政策新機軸部会","https://www.meti.go.jp/shingikai/sankoshin/shin_kijiku/004.html","経済産業省","量子・AIの先端基盤技術戦略","2022年2月16日（第4回）","量子・AI戦略を明示的に議論した回"
"量子","省庁","","ポスト5G情報通信システム基盤強化研究開発事業（量子関連を含む）","https://www.meti.go.jp/policy/mono_info_service/joho/post5g/index.html","経済産業省","量子コンピュータ関連研究開発・部素材・実証基盤","2026年3月24日（研究開発計画改定資料確認）","会議体というより制度・事業の公募評価・審査運営"
"量子","関連・系譜","","量子産業の創出・発展に向けた推進方策","https://www8.cao.go.jp/cstp/ryoshigijutsu/240409_q_measures.pdf","内閣府","量子産業政策・産業化推進","2024年4月9日（量子技術イノベーション会議報告）","会議体ではなく政策取りまとめ文書"
"量子","関連・系譜","","量子エコシステム構築に向けた推進方策","https://www8.cao.go.jp/cstp/ryoshigijutsu/ryoshigijutsu.html","内閣府","量子エコシステム・拠点形成・国際連携","2025年5月30日（量子技術イノベーション会議報告）","会議体ではなく政策取りまとめ文書"
"量子","関連・系譜","","量子技術イノベーション拠点","https://www.mext.go.jp/content/20211217-mxt_kiso-000019909_10.pdf","文部科学省","量子コンピュータ・量子計測・量子生命・量子材料等の拠点形成","2021年12月17日（第25回量子科学技術委員会資料）","会議体ではなく拠点形成施策"
"合成生物学・バイオ","官邸・政府横断","","日本成長戦略会議","https://www.cas.go.jp/jp/seisaku/nipponseichosenryaku/index.html","官邸","成長戦略全般・17重点分野","2026年3月10日（第3回）","合成生物学・バイオは17重点分野の一つ"
"合成生物学・バイオ","官邸・政府横断","1","合成生物学・バイオWG","https://www.meti.go.jp/shingikai/mono_info_service/synbio/index.html","経済産業省","合成生物学・バイオ全般・再生医療・創薬・バイオものづくり","2026年4月2日（第3回）","日本成長戦略会議の合成生物学・バイオ分野の司令塔WG"
"合成生物学・バイオ","官邸・政府横断","","統合イノベーション戦略推進会議","https://www8.cao.go.jp/cstp/tougosenryaku/kaigi.html","内閣府（CSTI）","統合イノベーション戦略全般・バイオ戦略","直近開催日は今回個別確認未了","「バイオ戦略」「バイオエコノミー戦略」の決定母体"
"合成生物学・バイオ","官邸・政府横断系譜","","イノベーション政策強化推進のための有識者会議「バイオ戦略」","https://www8.cao.go.jp/cstp/bio/6kai/6kai.html","内閣府（CSTI）","バイオ戦略・バイオコミュニティ・市場領域施策","2021年1月14日～15日（第6回・書面開催）","現行バイオエコノミー戦略の前史"
"合成生物学・バイオ","省庁","2","バイオものづくり革命推進WG","https://www.meti.go.jp/shingikai/sankoshin/shomu_ryutsu/bio/mono_wg/index.html","経済産業省","バイオものづくり・バイオ由来製品・社会実装","2025年12月4日（第13回）","経産省の実務中核会議"
"合成生物学・バイオ","省庁","4","ライフサイエンス委員会","https://www.mext.go.jp/b_menu/shingi/gijyutu/gijyutu2/044/index.htm","文部科学省","ライフサイエンス研究基盤・研究力向上・バイオエコノミー","2026年1月16日（第120回）","文科省のライフサイエンス政策中核"
"合成生物学・バイオ","省庁","5","ライフサイエンス委員会 基礎・横断研究戦略作業部会（第13期～）","https://www.mext.go.jp/b_menu/shingi/gijyutu/gijyutu2/116/1421534_00002.htm","文部科学省","基礎生命科学・研究基盤・バイオリソース・データ基盤","2026年2月20日（第2回）","ライフサイエンス委員会の下部作業部会"
"合成生物学・バイオ","省庁","3","厚生科学審議会 再生医療等評価部会","https://www.mhlw.go.jp/stf/shingi/shingi-kousei_247499.html","厚生労働省","再生医療・細胞治療・遺伝子治療","2026年4月15日（第116回）","再生医療等安全性確保法等に関する中核会議"
"合成生物学・バイオ","省庁","","特定医療技術等開発推進検討会","https://www.mhlw.go.jp/stf/shingi/other-isei_20490.html","厚生労働省","再生・細胞医療・遺伝子治療の開発推進","2026年3月16日（第1回）","新設の実務検討会"
"合成生物学・バイオ","省庁","","バイオマス産業都市選定委員会","https://www.maff.go.jp/j/shokusan/biomass/b_sangyo_toshi/b_sangyo_toshi.html","関係7府省（農林水産省ほか）","バイオマス活用・地域バイオ産業化","2025年12月23日","合成生物学ど真ん中ではないが農水系の関連会議"
"合成生物学・バイオ","関連施策・系譜","","バイオエコノミー戦略","https://www.mext.go.jp/content/20240620-mxt_life-000036663_8.pdf","統合イノベーション戦略推進会議決定","バイオものづくり・持続的一次生産システム・木材活用大型建築/スマート林業・バイオ医薬品等","2024年6月3日決定","会議体ではなく政策文書"
"合成生物学・バイオ","関連施策・系譜","","創薬力の向上により国民に最新の医薬品を迅速に届けるための構想会議（中間とりまとめ・工程表）","https://www.mhlw.go.jp/content/10808000/001298509.pdf","内閣官房健康・医療戦略室","創薬・バイオ医薬品・再生細胞医療・遺伝子治療","2024年7月（工程表）","会議本文の直近開催日ページは今回特定未了だが工程表は確認"
"航空・宇宙","官邸・政府横断","","日本成長戦略会議","https://www.cas.go.jp/jp/seisaku/nipponseichosenryaku/index.html","官邸","成長戦略全般・17重点分野","2026年3月10日（第3回）","航空・宇宙は17重点分野の一つ"
"航空・宇宙","官邸・政府横断","1","航空・宇宙WG","https://www.cao.go.jp/keizai_anzen_hosho/kokuuchu/kokuuchu.html","内閣府","民間航空機・無人航空機・空飛ぶクルマ・ロケット/射場・人工衛星・月面探査/低軌道技術","2026年4月2日（第3回）","日本成長戦略会議の航空・宇宙分野の司令塔WG"
"航空・宇宙","官邸・政府横断","2","宇宙政策委員会","https://www8.cao.go.jp/space/comittee/kaisai.html","内閣府","宇宙政策全般","2026年2月24日（第122回）","宇宙政策全体の上位委員会"
"航空・宇宙","官邸・政府横断","","宇宙政策委員会 宇宙安全保障部会","https://www8.cao.go.jp/space/comittee/kaisai.html","内閣府","宇宙安全保障","2026年3月10日（第68回）","宇宙安全保障政策の中核部会"
"航空・宇宙","官邸・政府横断","7","宇宙政策委員会 宇宙輸送小委員会","https://www8.cao.go.jp/space/comittee/kaisai.html","内閣府","ロケット・射場・宇宙輸送","2026年2月5日（第10回）","宇宙輸送能力強化の中核小委員会"
"航空・宇宙","官邸・政府横断","","宇宙政策委員会 衛星小委員会","https://www8.cao.go.jp/space/comittee/kaisai.html","内閣府","人工衛星・衛星利用","2026年1月27日（第34回）","衛星政策の中核小委員会"
"航空・宇宙","官邸・政府横断","","宇宙政策委員会 宇宙科学・探査小委員会","https://www8.cao.go.jp/space/comittee/kaisai.html","内閣府","宇宙科学・探査・月面/深宇宙","2026年1月26日（第69回）","宇宙科学探査の中核小委員会"
"航空・宇宙","官邸・政府横断","","宇宙政策委員会 国立研究開発法人宇宙航空研究開発機構（JAXA）分科会","https://www8.cao.go.jp/space/comittee/kaisai.html","内閣府","JAXAの中期目標・評価・宇宙実施体制","2025年7月18日（第24回）","内閣府側のJAXA評価分科会"
"航空・宇宙","官邸・政府横断","","宇宙政策委員会 宇宙活動法の見直しに関する小委員会","https://www8.cao.go.jp/space/comittee/kaisai.html","内閣府","宇宙活動法・制度改正","2025年12月1日（第9回）","2025年12月9日に最終とりまとめ"
"航空・宇宙","官邸・政府横断","","衛星測位に関するWG","https://www8.cao.go.jp/space/comittee/kaisai.html","内閣府","準天頂衛星・衛星測位","2026年3月17日（第6回）","測位衛星の運用・開発等を扱うWG"
"航空・宇宙","省庁","3","航空機産業小委員会","https://www.meti.go.jp/shingikai/sankoshin/seizo_sangyo/kokuki_uchu/index.html","経済産業省","民間航空機・航空機産業戦略","2026年3月2日（第3回）","航空機宇宙産業小委員会から改組"
"航空・宇宙","省庁","4","航空機の脱炭素化に向けた新技術官民協議会","https://www.mlit.go.jp/koku/koku_tk11_000005.html","国土交通省・経済産業省","電動化・水素航空機・軽量化・安全基準・国際標準化","2026年3月10日（第5回）","航空機脱炭素化の実装会議"
"航空・宇宙","省庁","5","空の移動革命に向けた官民協議会","https://www.mlit.go.jp/koku/koku_tk2_000007.html","国土交通省・経済産業省","空飛ぶクルマ・AAM・制度整備・市場形成","2026年3月27日（第12回）","空飛ぶクルマ分野の中核官民協議会"
"航空・宇宙","省庁","","航空機運航分野におけるCO2削減に関する検討会","https://www.mlit.go.jp/koku/koku_tk8_000004.html","国土交通省","航空運航・SAF・管制高度化・機材新技術","2026年3月5日（第9回）","航空脱炭素の上位検討会"
"航空・宇宙","省庁","","運航の改善によるCO2削減協議会","https://www.mlit.go.jp/koku/koku_tk13_000038.html","国土交通省","航空運航改善・管制高度化・CO2削減","2026年2月20日（第6回）","航空脱炭素工程表の実務推進会合"
"航空・宇宙","省庁","6","宇宙開発利用部会","https://www.mext.go.jp/b_menu/shingi/gijyutu/gijyutu2/059/index.htm","文部科学省","宇宙開発利用全般・研究開発計画・評価","2026年4月9日（第104回）","文科省の宇宙研究開発政策中核"
"航空・宇宙","省庁","","宇宙開発利用部会 調査・安全小委員会","https://www.mext.go.jp/b_menu/shingi/gijyutu/gijyutu2/060/index.htm","文部科学省","ロケット打上げ・調査安全・再発防止","2026年4月13日（第62回）","直近はH3ロケット8号機打上げ関連会合"
"航空・宇宙","省庁","","宇宙開発利用部会 国際宇宙ステーション・国際宇宙探査小委員会","https://www.mext.go.jp/b_menu/shingi/gijyutu/gijyutu2/071/index.htm","文部科学省","ISS・国際宇宙探査・ポストISS・月探査","2026年3月27日（第74回）","地球低軌道・国際宇宙探査の中核小委員会"
"航空・宇宙","省庁","8","航空科学技術委員会","https://www.mext.go.jp/b_menu/shingi/gijyutu/gijyutu2/004/index.html","文部科学省","航空科学技術・研究開発計画・評価","2026年3月19日（第80回）","文科省の航空研究開発政策中核"
"航空・宇宙","省庁","","航空科学技術委員会 研究開発ビジョン検討作業部会","https://www.mext.go.jp/b_menu/shingi/gijyutu/gijyutu2/098/index.htm","文部科学省","航空科学技術の中長期ビジョン","2019年10月1日（第4回）","現行ビジョンの系譜会議"
"航空・宇宙","省庁","","国立研究開発法人審議会 宇宙航空研究開発機構部会","https://www.mext.go.jp/b_menu/shingi/kokurituken/005/index.htm","文部科学省","JAXAの中長期目標・実績評価","2025年7月23日（第31回）","文科省側のJAXA評価部会"
"デジタル・サイバーセキュリティ","官邸・政府横断","","日本成長戦略会議","https://www.cas.go.jp/jp/seisaku/nipponseichosenryaku/index.html","官邸","成長戦略全般・17重点分野","2026年3月10日（第3回）","デジタル・サイバーセキュリティは17重点分野の一つ"
"デジタル・サイバーセキュリティ","官邸・政府横断","1","デジタル・サイバーセキュリティWG","https://www.digital.go.jp/councils/digital-cybersecurity","デジタル庁・経済産業省","デジタル政策・サイバーセキュリティ・官民投資ロードマップ","2026年4月6日（第2回）","日本成長戦略会議の当該分野の司令塔WG"
"デジタル・サイバーセキュリティ","官邸・政府横断","4","デジタル社会推進会議","https://www.digital.go.jp/councils/social-promotion","デジタル庁","デジタル社会形成全般・重点計画","2025年6月13日（第6回）","デジタル政策の政府横断会議"
"デジタル・サイバーセキュリティ","官邸・政府横断","","デジタル社会推進会議幹事会","https://www.digital.go.jp/councils/social-promotion-executive","デジタル庁","各府省のDX推進・行政データ・実装調整","2026年3月31日（第21回、各府省庁DX推進連絡会議との合同会議）","デジタル政策実装の実務幹事会"
"デジタル・サイバーセキュリティ","官邸・政府横断","","デジタル社会構想会議","https://www.digital.go.jp/councils/social-concept","デジタル庁","デジタル社会の中長期構想・重点計画改定","2025年12月4日（第11回）","上位の構想会議"
"デジタル・サイバーセキュリティ","官邸・政府横断","","データ戦略推進WG","https://www.digital.go.jp/councils/data-strategy-wg","デジタル庁","データ戦略・ベースレジストリ・オープンデータ・DFFT","2023年6月6日（第7回）","常設系譜として重要だが直近更新は2023年"
"デジタル・サイバーセキュリティ","官邸・政府横断","5","データセキュリティWG","https://www.digital.go.jp/councils/data-security-wg","デジタル庁","データセキュリティ・越境移転・制度/技術/運用","2026年3月3日（第4回）","データ安全保障寄りの中核WG"
"デジタル・サイバーセキュリティ","官邸・政府横断","","デジタル関係制度改革検討会","https://www.digital.go.jp/councils/digital-system-reform","デジタル庁","アナログ規制見直し・デジタル原則適合・制度改革","2025年12月3日（第9回）","制度面の実務会議"
"デジタル・サイバーセキュリティ","官邸・政府横断","","ベース・レジストリ推進有識者会合","https://www.digital.go.jp/councils/base-registry-advisory-board","デジタル庁","公的基礎情報DB・ベースレジストリ整備","2026年3月30日（第5回）","基盤データ整備の中核会議"
"デジタル・サイバーセキュリティ","官邸・政府横断","","属性証明の課題整理に関する有識者会議","https://www.digital.go.jp/councils/vc-diw-governance","デジタル庁","VC・DIW・属性証明・デジタルアイデンティティ","2026年2月26日（第2回）","本人確認・資格/属性証明の新基盤"
"デジタル・サイバーセキュリティ","官邸・政府横断","","属性証明の課題整理に関する有識者会議 技術WG","https://www.digital.go.jp/councils/vc-diw-governance-wg-tec","デジタル庁","VC・DIWの技術面/運用面の対策","2026年1月8日（第2回）","上記有識者会議の下部WG"
"デジタル・サイバーセキュリティ","官邸・政府横断","","先進的AI利活用アドバイザリーボード","https://www.digital.go.jp/councils/ai-advisory-board","デジタル庁","A I利活用・生成AI調達・リスク管理・サイバーセキュリティ","2026年3月10日（第3回）","生成AIの政府横断活用に関する会議"
"デジタル・サイバーセキュリティ","官邸・政府横断","3","サイバーセキュリティ戦略本部","https://www.cyber.go.jp/council/cs/index.html","国家サイバー統括室（内閣官房）","サイバーセキュリティ政策全般","2026年3月24日（第4回会合・持ち回り）","サイバー政策の最高位会議"
"デジタル・サイバーセキュリティ","官邸・政府横断","2","サイバーセキュリティ推進専門家会議","https://www.cyber.go.jp/council/cs/cs_expert/index.html","国家サイバー統括室（内閣官房）","サイバー政策の横断論点・人材・成長戦略連携","2026年3月19日（第5回）","分野横断課題の検討会議"
"デジタル・サイバーセキュリティ","官邸・政府横断","","重要インフラサイバーセキュリティ対策推進会議 課長級会議","https://www.cyber.go.jp/council/cs/cip_suishin/kacho","国家サイバー統括室（内閣官房）","重要インフラ・統一基準・行動計画","2026年3月18日（第5回）","重要インフラ対策の実務会議"
"デジタル・サイバーセキュリティ","官邸・政府横断","","重要インフラサイバーセキュリティ研究会","https://www.cyber.go.jp/council/cs/cip_suishin/cip_cs_kenkyu/index.html","国家サイバー統括室（内閣官房）","重要インフラ分野のサイバー対策","2026年3月4日（第3回）","重要インフラ分野ヒアリング等を実施"
"デジタル・サイバーセキュリティ","官邸・政府横断","","サイバーインフラ事業者に求められる役割等の検討会","https://www.cyber.go.jp/council/cs/ciip/yakuwari/index.html","国家サイバー統括室（内閣官房）","ソフトウェア・ICTサービス供給者のセキュリティ責務","2026年3月4日（第5回・持ち回り終了日）","重要インフラ専門調査会終了後はNCO会議として運営"
"デジタル・サイバーセキュリティ","官邸・政府横断","","サイバーセキュリティ対策推進会議（CISO等連絡会議）","https://www.cyber.go.jp/council/cs/taisaku","国家サイバー統括室（内閣官房）","政府機関等の統一基準・対策推進","2025年6月27日（第21回）","政府機関横断のCISO会議"
"デジタル・サイバーセキュリティ","省庁","6","産業サイバーセキュリティ研究会","https://www.meti.go.jp/shingikai/mono_info_service/sangyo_cyber/","経済産業省","産業界全体のサイバー対策・供給力強化・制度設計","2026年4月3日（第10回）","経産省の中核研究会"
"デジタル・サイバーセキュリティ","省庁","7","産業サイバーセキュリティ研究会 WG1（実効性強化・国際連携）","https://www.meti.go.jp/shingikai/mono_info_service/sangyo_cyber/wg_seido/index.html","経済産業省","制度実効性強化・国際連携","2026年3月10日（第12回）","SCS評価制度などの上位WG"
"デジタル・サイバーセキュリティ","省庁","8","産業サイバーセキュリティ研究会 WG1 サプライチェーン強化に向けたセキュリティ対策評価制度に関するSWG","https://www.meti.go.jp/shingikai/mono_info_service/sangyo_cyber/wg_seido/wg_supply_chain/index.html","経済産業省","サプライチェーン強化・セキュリティ対策評価制度（SCS評価制度）","2026年3月4日（第7回）","2026年度末頃の制度運用開始を目指す検討"
"デジタル・サイバーセキュリティ","省庁","9","産業サイバーセキュリティ研究会 WG3（産業振興・人材育成）","https://www.meti.go.jp/shingikai/mono_info_service/sangyo_cyber/wg_cybersecurity/","経済産業省","サイバーセキュリティ産業振興・人材育成","2026年3月12日（第10回）","供給力強化・人材育成の主戦場"
"デジタル・サイバーセキュリティ","省庁","","IoT製品に対するセキュリティ適合性評価制度構築に向けた検討会","https://www.meti.go.jp/shingikai/mono_info_service/sangyo_cyber/wg_cybersecurity/iot_security/index.html","経済産業省","IoT製品セキュリティ・JC-STAR","2024年3月4日（第7回）","JC-STARの制度設計の系譜"
"デジタル・サイバーセキュリティ","省庁","","サイバーインフラ事業者に求められる役割等の検討会（経産省側ページ）","https://www.meti.go.jp/shingikai/mono_info_service/sangyo_cyber/wg_seido/wg_bunyaodan/software/cyber_infrastructure/005.html","経済産業省","ソフトウェア・ICTサービスのサプライチェーンセキュリティ","2026年2月26日（第5回・書面審議）","NCOと連動する実務検討"
"コンテンツ","官邸・政府横断","","日本成長戦略会議","https://www.cas.go.jp/jp/seisaku/nipponseichosenryaku/index.html","官邸","成長戦略全般・重点分野全体","2026年3月10日（第3回）","コンテンツを含む重点分野の上位会議"
"コンテンツ","官邸・政府横断","","コンテンツ産業官民協議会","https://www.cao.go.jp/chizai/contents_kyogikai/index.html","内閣府知財","アニメ・マンガ・音楽・映画映像・ゲーム・放送","2026年4月2日（第2回）","コンテンツ分野の司令塔会議"
"コンテンツ","官邸・政府横断","6","映画戦略企画委員会","https://www.cas.go.jp/jp/seisaku/atarashii_sihonsyugi/wgkaisai/eiga_dai3/index.html","官邸・新しい資本主義実現本部関連","映画・映像制作環境・ロケ誘致","2025年4月16日（第3回）","映画政策に特化"
"コンテンツ","官邸・政府横断","","新しい資本主義実現本部の関連会議","https://www.cas.go.jp/jp/seisaku/atarashii_sihonsyugi/","官邸","成長戦略全般","個別会議ベースで確認","コンテンツ・映画分野会議の上位文脈"
"コンテンツ","官邸・政府横断","7","クールジャパン戦略会議","https://www.cao.go.jp/cool_japan/kaigi/cj_strategy/cj_strategy_kaigi.html","内閣府","コンテンツ×地方創生・観光・海外発信","2026年3月19日（第6回）","地方創生・観光連動の司令塔"
"コンテンツ","官邸・政府横断","","知的財産戦略本部","https://www.cas.go.jp/jp/seisakukaigi/titeki2/index.html","官邸","知財・コンテンツ政策全般","上位本部ページで確認","WG群を束ねる母体"
"コンテンツ","官邸・政府横断","4","コンテンツ戦略WG","https://www.cas.go.jp/jp/seisakukaigi/titeki2/index.html","知的財産戦略本部","コンテンツ創造基盤・制度・海外展開","2025年4月14日（合同会議）","Create Japan WG等と合同開催あり"
"コンテンツ","官邸・政府横断","5","Create Japan WG","https://www.cas.go.jp/jp/seisakukaigi/titeki2/index.html","知的財産戦略本部","海外発信・クールジャパン・地域波及","2025年4月14日（合同会議）","コンテンツの対外発信・地方波及"
"コンテンツ","官邸・政府横断","","デジタル関連産業のグローバル化促進のための関係閣僚会議","https://www.cas.go.jp/jp/seisaku/digital_global_kakuryokaigi/index.html","官邸","デジタル・コンテンツ海外展開","2025年9月19日（第4回）","閣僚級の横断会議"
"コンテンツ","省庁","1","エンタメ・クリエイティブ産業政策研究会","https://www.meti.go.jp/shingikai/mono_info_service/entertainment_creative/index.html","経済産業省","映画・アニメ・ゲーム・音楽・マンガ・実写","2026年3月27日（第18回）","産業政策の中核"
"コンテンツ","省庁","2","文化審議会文化経済部会","https://www.bunka.go.jp/seisaku/bunkashingikai/bunka_keizai/05/","文化庁","文化産業・クリエイター支援・海外展開","2026年3月10日（第5回）","支援制度・基金・実装を見る場"
"コンテンツ","省庁","3","文化審議会著作権分科会政策小委員会","https://www.bunka.go.jp/seisaku/bunkashingikai/chosakuken/seisaku/","文化庁","著作権・流通・二次利用・海賊版対策","2026年3月4日（令和7年度第5回）","制度基盤を扱う"
"コンテンツ","省庁","8","マンガ、アニメ、特撮、ゲーム等の国際的な振興拠点及びメディア芸術連携基盤等整備推進に関する検討会議","https://www.bunka.go.jp/seisaku/bunkashingikai/kondankaito/geijyutsu_kiban/index.html","文化庁","マンガ・アニメ・特撮・ゲーム","2024年9月30日（第4回）","振興拠点・アーカイブ・国際発信"
"コンテンツ","省庁","","映画振興に関する懇談会","https://www.bunka.go.jp/seisaku/bunkashingikai/kondankaito/eiga/eigashinko/index.html","文化庁","映画","過去会議","映画政策の系譜資料"
"コンテンツ","省庁","","メディア芸術の国際的な拠点の整備に関する検討会","https://www.bunka.go.jp/seisaku/bunkashingikai/kondankaito/madiageijutsu/","文化庁","アニメ・ゲーム・マンガ等","2009年4月21日（第6回）","現在の拠点整備議論の前史"
"コンテンツ","省庁","9","デジタルアーカイブ推進に関する検討会","https://www.cas.go.jp/jp/seisakukaigi/titeki2/digitalarchive_kentoukai/dai1/index.html","内閣府知財","デジタルアーカイブ・文化資産活用","2025年3月28日（第5回）","保存・再利用政策の実務検討"
"コンテンツ","省庁","10","デジタルアーカイブ戦略懇談会","https://www.cas.go.jp/jp/seisakukaigi/titeki2/digital_archive/dai3/kaisai.html","内閣府知財","デジタルアーカイブ・文化資産活用","2025年5月14日（第3回）","戦略取りまとめ側"
"コンテンツ","実務者会合・調査","11","ロケ撮影の環境改善に関する実務者懇談会","https://www.cas.go.jp/jp/seisakukaigi/titeki2/jitsumusha_condankai/dai3/kaisai.html","内閣府知財","映画・映像・ロケ誘致","2024年3月21日（第3回）","撮影許認可や受入環境の改善"
"コンテンツ","実務者会合・調査","12","映画・アニメの制作現場におけるクリエイターの取引環境に係る実態調査","https://www.jftc.go.jp/houdou/pressrelease/2025/dec/251224_eigaanime.html","公正取引委員会","映画・アニメ","2025年12月24日公表","会議体ではなく調査"
"フードテック","官邸・政府横断","","日本成長戦略会議","https://www.cas.go.jp/jp/seisaku/nipponseichosenryaku/index.html","官邸","成長戦略全般・17重点分野","2026年3月10日（第3回）","フードテックは17重点分野の一つ"
"フードテック","官邸・政府横断","1","フードテックWG","https://www.maff.go.jp/j/kanbo/foodtech.html","農林水産省","植物工場・陸上養殖・食品機械・新規食品等","2026年4月9日（第3回）","日本成長戦略会議のフードテック分野の司令塔WG"
"フードテック","省庁","2","フードテック官民協議会総会","https://www.maff.go.jp/j/shokusan/sosyutu/index.html","農林水産省","フードテック全般・官民連携・ビジョン/ロードマップ","2026年2月26日（第16回）","フードテック推進ビジョン・ロードマップの推進母体"
"フードテック","省庁","","農林水産省フードテック研究会","https://www.maff.go.jp/j/shokusan/sosyutu/attach/pdf/foodtech-24.pdf","農林水産省","フードテック全般・市場創出・政策課題整理","2020年7月（中間とりまとめ時点で6回開催）","現在の官民協議会の前史"
"フードテック","省庁","3","食品衛生基準審議会 新開発食品調査部会","https://www.caa.go.jp/policies/council/fssc/meeting_materials/review_meeting_004/","消費者庁","細胞培養食品・ゲノム編集食品・新開発食品の安全性/制度","2026年3月30日（令和7年度第6回）","細胞培養食品の制度・安全性論点の中核部会"
"フードテック","省庁","4","フードテック官民協議会 細胞農業WT","https://food-tech.maff.go.jp/about/","農林水産省（官民協議会事務局）","細胞培養肉・表示・安全性・消費者コミュニケーション","直近開催日は今回確認未了","官民協議会の専門WT"
"フードテック","省庁","5","フードテック官民協議会 食と教育WT","https://food-tech.maff.go.jp/about/","農林水産省（官民協議会事務局）","食育・普及啓発・学校教育連携","直近開催日は今回確認未了","官民協議会の専門WT"
"フードテック","関連施策・系譜","","フードテック推進ビジョン・ロードマップ","https://www.maff.go.jp/j/shokusan/sosyutu/index.html","農林水産省","フードテック全般・市場創出・ルール整備・消費者理解","2025年10月25日（ロードマップ更新版掲載）","会議体ではなく政策文書"
"フードテック","関連施策・系譜","","フードテックに関する委託事業","https://www.maff.go.jp/j/shokusan/sosyutu/itaku.html","農林水産省","細胞培養食品等の法制度・市場規模・調査研究","事業報告書掲載ベース","会議体ではないが制度設計の基礎資料群"
"資源・エネルギー安全保障・GX","官邸・政府横断","","日本成長戦略会議","https://www.cas.go.jp/jp/seisaku/nipponseichosenryaku/index.html","官邸","成長戦略全般・17重点分野","2026年3月10日（第3回）","資源・エネルギー安全保障・GXは17重点分野の一つ"
"資源・エネルギー安全保障・GX","官邸・政府横断","1","GX実行会議","https://www.cas.go.jp/jp/seisaku/gx_jikkou_kaigi/index.html","官邸","GX政策全般・GX推進戦略","2025年12月22日（第16回）","GX全体の上位会議"
"資源・エネルギー安全保障・GX","官邸・政府横断","2","GX実現に向けた専門家WG","https://www.cas.go.jp/jp/seisaku/gx_jikkou_kaigi/index.html","内閣官房GX実行推進室・経済産業省GXグループ","資源・エネルギー安全保障・GX・分野別投資戦略・官民投資ロードマップ","2026年3月17日（第16回）","日本成長戦略会議の当該分野の司令塔WG"
"資源・エネルギー安全保障・GX","官邸・政府横断","","GX実現に向けたカーボンプライシング専門WG","https://www.cas.go.jp/jp/seisaku/gx_jikkou_kaigi/carbon_pricing_wg/kaisai.html","内閣官房・経済産業省","GX-ETS・カーボンプライシング・排出量取引制度","2024年12月19日（第5回）","ETS制度設計の中核WG"
"資源・エネルギー安全保障・GX","官邸・政府横断","","GX産業構造実現のためのGX産業立地WG","https://www.cas.go.jp/jp/seisaku/gx_jikkou_kaigi/sangyoritchi_wg/kaisai.html","内閣官房・経済産業省","GX産業立地・脱炭素電源地域・産業クラスター","2025年11月4日（第6回）","脱炭素電源立地と産業集積を扱う"
"資源・エネルギー安全保障・GX","省庁","3","総合資源エネルギー調査会 基本政策分科会","https://www.enecho.meti.go.jp/committee/council/basic_policy_subcommittee/","資源エネルギー庁","エネルギー基本計画・安定供給・脱炭素化・電力システム改革","2025年12月25日（第70回）","エネルギー政策全体の上位分科会"
"資源・エネルギー安全保障・GX","省庁","","総合資源エネルギー調査会 電力・ガス事業分科会 電力・ガス基本政策小委員会","https://www.enecho.meti.go.jp/about/whitepaper/2025/html/2-6-1.html","資源エネルギー庁","電力システム改革・安定供給・電源投資・料金制度","2025年3月（検証結果取りまとめ）","電力システム改革検証の中核"
"資源・エネルギー安全保障・GX","省庁","","総合資源エネルギー調査会 電力・ガス事業分科会 次世代電力・ガス事業基盤構築小委員会","https://www.enecho.meti.go.jp/committee/council/basic_policy_subcommittee/2025/070/070_010.pdf","資源エネルギー庁","次世代電力システム・系統整備・蓄電池・公的役割","2025年12月時点で年4回開催済み","基本政策分科会資料で開催実績を確認"
"資源・エネルギー安全保障・GX","省庁","","総合資源エネルギー調査会 基本政策分科会 発電コスト検証WG","https://www.enecho.meti.go.jp/committee/council/basic_policy_subcommittee/mitoshi/cost_wg/2024/06.html","資源エネルギー庁","電源別コスト・統合コスト・2040年電源評価","2025年1月24日〜28日（第6回）","2040年電源構成議論の基礎"
"資源・エネルギー安全保障・GX","省庁","4","総合資源エネルギー調査会 省エネルギー・新エネルギー分科会 水素・アンモニア政策小委員会","https://www.meti.go.jp/shingikai/enecho/shoene_shinene/suiso_seisaku/index.html","資源エネルギー庁","水素・アンモニア・供給利用促進・拠点整備","2026年3月27日（第16回）","低炭素水素等の実装中核"
"資源・エネルギー安全保障・GX","省庁","5","総合資源エネルギー調査会 資源・燃料分科会 脱炭素燃料政策小委員会","https://www.meti.go.jp/shingikai/enecho/shigen_nenryo/nenryo_seisaku/index.html","資源エネルギー庁","バイオ燃料・合成燃料・SAF・燃料転換","2025年12月9日（第20回）","次世代燃料政策の中核"
"資源・エネルギー安全保障・GX","省庁","6","総合資源エネルギー調査会 資源・燃料分科会 カーボンマネジメント小委員会","https://www.meti.go.jp/shingikai/enecho/shigen_nenryo/carbon_management/index.html","資源エネルギー庁","CCS・カーボンマネジメント・制度整備","2025年12月3日（第10回）","CCS制度・支援設計の上位小委"
"資源・エネルギー安全保障・GX","省庁","","CCS事業の支援措置に関するWG","https://www.meti.go.jp/shingikai/enecho/shigen_nenryo/carbon_management/ccs_wg/index.html","資源エネルギー庁","CCS支援制度・先進的CCS事業","2025年6月11日（第5回）","CCS投資支援の詳細設計"
"資源・エネルギー安全保障・GX","省庁","10","CCS事業制度検討WG","https://www.meti.go.jp/shingikai/enecho/shigen_nenryo/carbon_management/ccs_business_system/index.html","資源エネルギー庁","CCS事業法・制度運用・事業環境整備","2025年11月25日（第3回）","CCS制度面の実務WG"
"資源・エネルギー安全保障・GX","省庁","7","総合資源エネルギー調査会 資源・燃料分科会 資源開発・燃料供給小委員会","https://www.meti.go.jp/shingikai/enecho/shigen_nenryo/sekiyu_gas/index.html","資源エネルギー庁","LNG・石油・石炭・国内資源開発・エネルギー安全保障","2025年12月5日（第25回）","資源安全保障の中核"
"資源・エネルギー安全保障・GX","省庁","","総合資源エネルギー調査会 電力・ガス事業分科会 特定放射性廃棄物小委員会","https://www.meti.go.jp/shingikai/enecho/denryoku_gas/radioactive_waste/index.html","資源エネルギー庁","高レベル放射性廃棄物・最終処分","2025年4月25日（第6回）","最終処分政策の中核小委"
"資源・エネルギー安全保障・GX","省庁","","特定放射性廃棄物小委員会 地層処分技術WG","https://www.meti.go.jp/shingikai/enecho/denryoku_gas/radioactive_waste/geological_disposal/index.html","資源エネルギー庁","地層処分技術・技術評価","2024年7月4日（第5回）","地層処分の技術論点"
"資源・エネルギー安全保障・GX","省庁","","原子力人材育成・強化に係る協議会","https://www.enecho.meti.go.jp/category/electricity_and_gas/nuclear/001/event/humanresource/mainpage/mainpage.html","資源エネルギー庁","原子力人材確保・育成・強化","2026年3月13日（第3回）","原子力の持続的活用を支える人材政策会議"
"資源・エネルギー安全保障・GX","省庁","","核燃料サイクルの実効性向上に向けた枠組み検討WG","https://www.meti.go.jp/shingikai/enecho/denryoku_gas/genshiryoku/nuclear_fuel_cycle_wg/index.html","資源エネルギー庁","核燃料サイクル・再処理・制度枠組み","2025年12月12日（第2回）","核燃料サイクルの実効性向上を検討"
"資源・エネルギー安全保障・GX","関連施策・系譜","","再生可能エネルギー大量導入・次世代電力ネットワーク小委員会","https://www.enecho.meti.go.jp/about/special/johoteikyo/saiene/","資源エネルギー庁","再エネ大量導入・系統整備・市場設計","直近開催日は今回個別確認未了","系譜として重要"
"資源・エネルギー安全保障・GX","関連施策・系譜","","持続可能な電力システム構築小委員会","https://www.enecho.meti.go.jp/committee/council/basic_policy_subcommittee/system_kouchiku/013/","資源エネルギー庁","脱炭素と安定供給を両立する電力システム","2021年12月3日（第13回）","現行制度議論の前段"
"資源・エネルギー安全保障・GX","関連施策・系譜","","2050年カーボンニュートラルを見据えた次世代エネルギー需給構造検討小委員会","https://www.enecho.meti.go.jp/committee/council/basic_policy_subcommittee/carbon_neutral/002/","資源エネルギー庁","次世代エネルギー需給構造・CN実現シナリオ","2022年1月19日（第2回）","クリーンエネルギー戦略の前段"
"資源・エネルギー安全保障・GX","省庁","8","産業構造審議会 グリーンイノベーションプロジェクト部会","https://www.meti.go.jp/shingikai/sankoshin/green_innovation/index.html","経済産業省","GX投資・GI基金・個別プロジェクト進捗","2026年3月6日（第18回）","大型政府支援案件を審議"
"資源・エネルギー安全保障・GX","省庁","9","GX実現に向けた排出量取引制度の検討に資する法的課題研究会","https://www.env.go.jp/earth/ondanka/page_01417.html","環境省・経済産業省","排出量取引制度・カーボンプライシング・法制度","2024年12月4日（第6回）","GX-ETS法的論点の整理"
"防災・国土強靱化","官邸・政府横断","","日本成長戦略会議","https://www.cas.go.jp/jp/seisaku/nipponseichosenryaku/index.html","官邸","成長戦略全般・17重点分野","2026年3月10日（第3回）","防災・国土強靱化は17重点分野の一つ"
"防災・国土強靱化","官邸・政府横断","1","国土強靱化推進会議","https://www.cas.go.jp/jp/seisaku/suisinkaigi/index.html","内閣官房国土強靱化推進室","防災・減災・国土強靱化全般","2026年2月19日（第18回）","日本成長戦略会議の当該分野の司令塔会議"
"防災・国土強靱化","官邸・政府横断","2","中央防災会議","https://www.bousai.go.jp/kaigirep/chuobou/index.html","内閣府（防災担当）","防災基本計画・総合防災訓練・政府全体の防災政策","2024年6月28日（第44回）","防災政策の最高位会議"
"防災・国土強靱化","官邸・政府横断","3","防災対策実行会議","https://www.bousai.go.jp/kaigirep/chuobou/jikkoukaigi/index.html","内閣府（防災担当）","省庁横断防災対策・実行促進","2024年6月21日（第21回）","防災対策を実行に結びつける専門調査会"
"防災・国土強靱化","官邸・政府横断","4","防災庁設置準備アドバイザー会議","https://www.cas.go.jp/jp/seisaku/bousaichou_preparation/kaigi/index.html","内閣官房","防災庁設置準備・事前防災・災害対応・被災者支援","2025年6月17日（報告書公表）","設置準備の中核会議"
"防災・国土強靱化","官邸・政府横断","5","大規模地震防災対策推進検討会","https://www.bousai.go.jp/jishin/index.html","内閣府（防災担当）","大規模地震・事前防災・避難生活支援・後発地震注意情報","2026年3月2日（第4回）","公開資料から直近回を確認"
"防災・国土強靱化","官邸・政府横断","","首都直下地震対策検討WG","https://www.bousai.go.jp/jishin/syuto/taisaku_wg_02/index.html","内閣府（防災担当）","首都直下地震・被害想定・政府BCP・首都中枢継続","2025年12月19日（報告書公表）","防災対策実行会議の下のWG"
"防災・国土強靱化","官邸・政府横断","","南海トラフ巨大地震対策検討WG","https://www.bousai.go.jp/jishin/nankai/taisaku_wg/index.html","内閣府（防災担当）","南海トラフ巨大地震・被害想定・対策","2013年5月28日（最終報告）","現行の被害想定・対策議論の系譜として重要"
"防災・国土強靱化","官邸・政府横断","","令和6年能登半島地震を踏まえた災害対応検討WG","https://www.bousai.go.jp/jishin/noto/taisaku_wg_02/index.html","内閣府（防災担当）","能登半島地震の検証・被災者支援・物資輸送・受援","2024年11月13日（第9回）","防災対策実行会議の下のWG"
"防災・国土強靱化","官邸・政府横断","6","火山防災対策会議","https://www.bousai.go.jp/kazan/taisakukaigi/index.html","内閣府（防災担当）","火山防災・避難計画・火山灰対策","2026年3月17日（第21回）","火山防災政策の中核会議"
"防災・国土強靱化","官邸・政府横断","","火山防災協議会等連絡・連携会議","https://www.bousai.go.jp/kazan/kazan/renkeikaigi/index.html","内閣府（防災担当）","火山防災協議会相互の情報共有・地域連携","2025年11月26日（第14回）","地域の火山防災協議会の横断連携"
"防災・国土強靱化","官邸・政府横断","","多様な主体間における連携・協働による「避難生活支援・防災人材育成エコシステム」構築の具体化に向けた検討会","https://www.bousai.go.jp/kaigirep/kentokai/eco_system/index.html","内閣府（防災担当）","避難生活支援・防災人材育成・官民連携","2025年1月8日（第2回）","避難生活支援と人材育成の実務検討"
"防災・国土強靱化","省庁","7","流域治水の推進に向けた関係省庁実務者会議","https://www.mlit.go.jp/report/press/mizukokudo05_hh_000267.html","国土交通省（水管理・国土保全局）","流域治水・気候変動下の水災害対策・関係府省連携","2026年2月27日","流域治水の政府横断実務会議"
"防災・国土強靱化","省庁","10","災害に強い首都「東京」の形成に向けた連絡会議","https://www.mlit.go.jp/report/press/mizukokudo05_hh_000266.html","国土交通省・東京都","首都圏の洪水・地震対策・防災まちづくり・高台まちづくり","2026年3月3日（第6回）","国と東京都の実務者連絡会議"
"防災・国土強靱化","省庁","8","社会資本整備審議会・交通政策審議会技術分科会技術部会 インフラマネジメント戦略小委員会","https://www.mlit.go.jp/policy/shingikai/s204_management02.html","国土交通省","インフラ老朽化対策・維持管理・予防保全・強靱化","2026年2月26日（第2回）","インフラの戦略的マネジメントの中核"
"防災・国土強靱化","省庁","","下水道BCP策定マニュアル改訂検討委員会","https://www.mlit.go.jp/mizukokudo/sewerage/mizukokudo_sewerage_tk_001071.html","国土交通省（下水道部）","下水道BCP・災害時の業務継続・下水道強靱化","2026年2月26日（第4回）","能登半島地震を踏まえた改訂"
"防災・国土強靱化","省庁","","港湾におけるi-Construction・インフラDX推進委員会","https://www.mlit.go.jp/kowan/kowan_fr5_000061.html","国土交通省（港湾局）","港湾インフラDX・施工自動化・BIM/CIM・災害対応力強化","2026年3月3日（第4回）","港湾分野の防災・強靱化にも接続"
"防災・国土強靱化","省庁","9","大規模土砂災害の緊急対策の強化に関する検討委員会","https://www.mlit.go.jp/river/sabo/dosyasaigai_kinkyutaisaku.html","国土交通省（水管理・国土保全局砂防部）","河道閉塞・火山噴火・複合災害時の緊急調査/応急対策","2026年3月17日（第2回）","能登半島での地震・大雨の教訓を踏まえた実務委員会"
"防災・国土強靱化","省庁","","土砂災害防止対策推進検討会","https://www.mlit.go.jp/river/sabo/committee_dosyasaigaitaisaku.html","国土交通省（水管理・国土保全局砂防部）","土砂災害防止対策・避難・警戒区域・対策強化","2025年4月22日（提言公表）","2024年6月設置・2025年4月提言公表"
"防災・国土強靱化","関連施策・系譜","","防災・国土強靱化分野の成長戦略の検討について","https://www.cas.go.jp/jp/seisaku/suisinkaigi/joukyou_dai18/shiryo6.pdf","内閣官房国土強靱化推進室","危機管理投資・成長投資・防災産業・施工自動化・新技術活用","2026年2月19日（第18回資料）","会議体ではなく成長戦略検討資料"
"防災・国土強靱化","関連施策・系譜","","第7期科学技術・イノベーション基本計画（防災・国土強靱化関連技術）","https://www8.cao.go.jp/cstp/kihonkeikaku/7honbun.pdf","内閣府（CSTI）","災害観測・予測・耐震・免震等の重要技術","2026年3月27日（計画本文公表）","会議体ではなく上位政策文書"
"創薬・先端医療","官邸・政府横断","","日本成長戦略会議","https://www.cas.go.jp/jp/seisaku/nipponseichosenryaku/index.html","官邸","成長戦略全般・17重点分野","2026年3月10日（第3回）","創薬・先端医療は17重点分野の一つ"
"創薬・先端医療","官邸・政府横断","1","創薬・先端医療WG","https://www8.cao.go.jp/iryou/ss_wg.html","内閣府","創薬・先端医療・医療機器・再生医療・医療データ/AI","2026年4月6日（第5回）","日本成長戦略会議の当該分野の司令塔WG"
"創薬・先端医療","官邸・政府横断","","健康・医療戦略推進本部","https://www.cas.go.jp/jp/seisakukaigi/kenkouiryou/index.html","内閣官房","健康・医療政策全般・研究開発推進・AMED連携","直近開催日は今回個別確認未了","健康・医療戦略の上位本部"
"創薬・先端医療","官邸・政府横断","2","健康・医療戦略推進専門調査会","https://www.cas.go.jp/jp/seisakukaigi/kenkouiryou/index.html","内閣官房","健康・医療戦略の進捗管理・各協議会フォローアップ","2026年3月19日（第46回）","健康・医療戦略の実務的フォローアップ会議"
"創薬・先端医療","官邸・政府横断","","創薬力向上のための官民協議会","https://www.cas.go.jp/jp/seisaku/souyakuryoku/index.html","内閣官房健康・医療戦略推進本部","創薬エコシステム・ドラッグラグ/ロス・創薬基盤","2025年6月26日（第1回）","同年9月以降は下部WGで議論"
"創薬・先端医療","官邸・政府横断","3","医薬品開発協議会","https://www.cas.go.jp/jp/seisakukaigi/kenkouiryou/iyakuhin/index.html","内閣官房健康・医療戦略推進本部","医薬品開発・AI創ِمض・治験体制・健康医療安全保障","2026年2月27日（第2回）","創薬力向上のための官民協議会の下部協議会"
"創薬・先端医療","官邸・政府横断","","医療機器・ヘルスケア開発協議会","https://www.cas.go.jp/jp/seisakukaigi/kenkouiryou/kiki_healthcare/index.html","内閣官房健康・医療戦略推進本部","医療機器・ヘルスケア・プログラム医療機器・実装","直近開催日は今回個別確認未了","健康・医療戦略推進本部の協議会群の一つ"
"創薬・先端医療","官邸・政府横断","","ゲノム医療協議会","https://www.cas.go.jp/jp/seisakukaigi/kenkouiryou/genome/index.html","内閣官房健康・医療戦略推進本部","ゲノム医療・がんゲノム・データ活用","直近開催日は今回個別確認未了","健康・医療戦略推進本部の協議会群の一つ"
"創薬・先端医療","官邸・政府横断","","再生・細胞医療・遺伝子治療開発協議会","https://www.cas.go.jp/jp/seisakukaigi/kenkouiryou/saisei/index.html","内閣官房健康・医療戦略推進本部","再生・細胞医療・遺伝子治療・製造/供給基盤","直近開催日は今回確認未了","健康・医療戦略推進本部の協議会群の一つ"
"創薬・先端医療","官邸・政府横断","","健康・医療データ利活用基盤協議会","https://www.cas.go.jp/jp/seisakukaigi/kenkouiryou/data_rikatsuyou/index.html","内閣官房健康・医療戦略推進本部","医療データ利活用・創薬/医療機器開発基盤・ライフコースデータ","2025年10月17日（第2回）","創薬・先端医療を支えるデータ基盤会議"
"創薬・先端医療","官邸・政府横断","","感染症協議会","https://www.cas.go.jp/jp/seisakukaigi/kenkouiryou/kansenshou/index.html","内閣官房健康・医療戦略推進本部","治療薬・診断薬・ワクチン・感染症有事の研究開発/生産体制","2026年3月14日（第4回議事概要公表）","創薬・健康医療安全保障と接続"
"創薬・先端医療","省庁","4","厚生科学審議会 再生医療等評価部会","https://www.mhlw.go.jp/stf/shingi/shingi-kousei_247499.html","厚生労働省","再生医療・細胞治療・遺伝子治療・安全性確保","2026年4月15日（第116回）","再生医療等安全性確保法等に関する中核会議"
"創薬・先端医療","省庁","5","特定医療技術等開発推進検討会","https://www.mhlw.go.jp/stf/shingi/other-isei_20490.html","厚生労働省","再生・細胞医療・遺伝子治療の開発推進","2026年3月16日（第1回）","新設の実務検討会"
"創薬・先端医療","省庁","","先進医療会議","https://www.mhlw.go.jp/stf/shingi/other-hoken_129195.html","厚生労働省","先進医療の評価・導入・保険外併用療養","2026年4月9日（第153回）","先端医療の制度実装の中核会議"
"創薬・先端医療","省庁","","先進医療技術審査部会","https://www.mhlw.go.jp/stf/shingi/other-isei_127310.html","厚生労働省","先進医療技術の技術評価・審査","2026年4月9日（第186回）","先進医療会議と連動する技術審査部会"
"創薬・先端医療","省庁","","がんゲノム医療中核拠点病院等の指定要件に関するWG","https://www.mhlw.go.jp/stf/newpage_04474.html","厚生労働省","がんゲノム医療・拠点病院指定・体制整備","2026年3月13日（第7回）","がんゲノム医療体制の制度設計WG"
"創薬・先端医療","省庁","","革新的医薬品・医療機器・再生医療等製品創出のための官民対話","https://www.mhlw.go.jp/stf/newpage_67663.html","厚生労働省","医薬品・医療機器・再生医療産業政策・官民政策対話","2025年11月26日","産業界・行政トップの対話"
"創薬・先端医療","省庁","","ライフサイエンス委員会","https://www.mext.go.jp/b_menu/shingi/gijyutu/gijyutu2/044/index.htm","文部科学省","ライフサイエンス研究基盤・創薬研究支援・バイオ医薬品","2026年1月16日（第120回）","文科省の研究基盤政策中核"
"創薬・先端医療","省庁","","ライフサイエンス委員会 基礎・横断研究戦略作業部会","https://www.mext.go.jp/b_menu/shingi/gijyutu/gijyutu2/116/1421534_00002.htm","文部科学省","創薬支援基盤・BINDS・研究基盤・データ基盤","2026年3月24日（第3回）","次期BINDS等を議論"
"創薬・先端医療","省庁","","国立研究開発法人審議会 日本医療研究開発機構部会","https://www.mext.go.jp/b_menu/shingi/kokurituken/009/index.htm","文部科学省","AMED中長期目標・研究開発支援体制","直近開催日は今回個別確認未了","AMED評価を通じて創薬・先端医療を下支え"
"創薬・先端医療","関連施策・系譜","","創薬力の向上により国民に最新の医薬品を迅速に届けるための構想会議","https://www.cas.go.jp/jp/seisaku/souyakuryoku/index.html","内閣官房健康・医療戦略推進本部","創薬力強化・ドラッグラグ/ロス・創薬エコシステム","2024年7月（工程表/サミット等公表）","現行創薬政策の前段となる構想会議"
"創薬・先端医療","関連施策・系譜","","創薬エコシステムサミット（Gate Opening Summit for Innovative Drug Discovery）","https://www.cas.go.jp/jp/seisaku/souyakuryoku/index.html","内閣官房健康・医療戦略推進本部","創薬スタートアップ・国際連携・エコシステム形成","2024年7月30日","会議体というより政策イベント"
"創薬・先端医療","関連施策・系譜","","Japan Biotech Showcase & Symposium 2026","https://www.mhlw.go.jp/stf/newpage_71425.html","厚生労働省","創薬系スタートアップ・社会実装・国際ネットワーク","2026年3月25日～26日","会議体ではなく政策イベント"
"フュージョンエネルギー","官邸・政府横断","","日本成長戦略会議","https://www.cas.go.jp/jp/seisaku/nipponseichosenryaku/index.html","官邸","成長戦略全般・17重点分野","2026年3月10日（第3回）","フュージョンエネルギーは17重点分野の一つ"
"フュージョンエネルギー","官邸・政府横断","1","フュージョンエネルギーWG","https://www8.cao.go.jp/cstp/fusion/fusion_wg/1kai/1kai.html","内閣府","フュージョンエネルギー・官民投資ロードマップ・社会実装","2026年2月12日（第1回）","日本成長戦略会議の当該分野の司令塔WG。内閣府資料では2026年3月に第2回、4月に第3回予定も確認"
"フュージョンエネルギー","官邸・政府横断","2","フュージョンエネルギーの社会実装に向けた基本的な考え方検討タスクフォース","https://www8.cao.go.jp/cstp/fusion/taskforce_social/6kai/6kai.html","内閣府","社会実装・ロードマップ・実施主体・サイト選定・市場形成","2026年3月16日（第6回）","社会実装論点の中核タスクフォース"
"フュージョンエネルギー","官邸・政府横断","3","フュージョンエネルギーの実現に向けた安全確保の基本的な考え方検討タスクフォース","https://www8.cao.go.jp/cstp/fusion/taskforce/8kai/8kai.html","内閣府","安全規制・安全確保・放射化物管理・国際整合","2025年1月21日（第8回）","安全規制の前提整理を担う重要TF"
"フュージョンエネルギー","官邸・政府横断","","統合イノベーション戦略推進会議","https://www8.cao.go.jp/cstp/whatsnew_stm.html","内閣府（CSTI）","科学技術戦略全般・フュージョンエネルギー戦略改定","2025年6月4日（第23回資料公表）","フュージョンエネルギー・イノベーション戦略の決定母体"
"フュージョンエネルギー","官邸・政府横断系譜","","イノベーション政策強化推進のための有識者会議「核融合戦略」","https://www.mext.go.jp/a_menu/shinkou/fusion/1418742.htm","内閣府（CSTI）・文部科学省","核融合戦略・産業化・研究開発推進","2023年4月戦略策定","現行戦略の前史"
"フュージョンエネルギー","省庁","4","核融合科学技術委員会","https://www.mext.go.jp/b_menu/shingi/gijyutu/gijyutu2/074/giji_list/index.htm","文部科学省","核融合科学技術・戦略進捗・研究開発評価","2025年9月12日（第42回）","文科省の核融合政策中核"
"フュージョンエネルギー","省庁","5","核融合科学技術委員会 原型炉開発総合戦略タスクフォース","https://www.mext.go.jp/b_menu/shingi/gijyutu/gijyutu2/078/giji_list/index.htm","文部科学省","原型炉開発・ロードマップ・基盤整備・人材育成","2025年2月12日（第38回）","原型炉開発の実務中核TF"
"フュージョンエネルギー","省庁","","核融合エネルギー開発の推進に向けた人材の育成・確保について","https://www.mext.go.jp/b_menu/shingi/gijyutu/gijyutu2/074/houkoku/1407701.htm","文部科学省","人材育成・大学間連携・ITER/JT-60SA活用","報告書公表日ベース","会議体ではなく核融合科学技術委員会の報告書"
"フュージョンエネルギー","省庁","6","総合資源エネルギー調査会 電力・ガス事業分科会 原子力小委員会 革新炉WG","https://www.meti.go.jp/shingikai/enecho/denryoku_gas/genshiryoku/kakushinro_wg/012.html","経済産業省","革新炉・フュージョンエネルギー・産業界動向","2026年2月26日（第12回）","革新炉WGの中でフュージョンを継続的に扱う"
"フュージョンエネルギー","関連団体・周辺","","フュージョンエネルギー産業協議会（J-Fusion）","https://www.meti.go.jp/shingikai/enecho/denryoku_gas/genshiryoku/kakushinro_wg/pdf/012_01_00.pdf","民間団体（経産省WG資料で確認）","フュージョン産業・サプライチェーン・国際標準化","2024年3月29日設立","官庁会議ではないが政策議論上重要"
"フュージョンエネルギー","関連施策・系譜","","フュージョンエネルギー・イノベーション戦略","https://www8.cao.go.jp/cstp/fusion/index.html","内閣府（CSTI）","研究開発・産業化・社会実装・国際協力","2025年6月4日改定","会議体ではなく上位戦略文書"
"フュージョンエネルギー","関連施策・系譜","","原型炉開発に向けたアクションプラン","https://www.mext.go.jp/content/20240819-mxt_kaisen-000037590_9.pdf","文部科学省","原型炉開発・技術基盤・計測・材料・ダイバータ・計算基盤","2024年8月19日資料掲載","会議体ではなく原型炉開発TFの基礎文書"
"フュージョンエネルギー","関連施策・系譜","","フュージョンエネルギーの社会実装に向けた取組の在り方（案）","https://www8.cao.go.jp/cstp/fusion/taskforce_social/6kai/siryou3-2.pdf","内閣府","発電実証・安全・放射化物管理・市場形成","2026年3月16日（第6回資料）","会議体ではなく社会実装TFの取りまとめ案"
"マテリアル","官邸・政府横断","","日本成長戦略会議","https://www.cas.go.jp/jp/seisaku/nipponseichosenryaku/index.html","官邸","成長戦略全般・17重点分野","2026年3月10日（第3回）","マテリアル（重要鉱物・部素材）は17重点分野の一つ"
"マテリアル","官邸・政府横断","1","産業構造審議会 製造産業分科会（第1回マテリアルWG）","https://www.meti.go.jp/shingikai/sankoshin/seizo_sangyo/019.html","経済産業省","マテリアル（重要鉱物・部素材）・供給網強化・新製法・新素材","2026年2月19日（第19回製造産業分科会）","成長戦略上のマテリアル分野の担当会議"
"マテリアル","省庁","","製造産業分科会 開催実績一覧","https://www.meti.go.jp/shingikai/sankoshin/seizo_sangyo/index.html","経済産業省","製造産業政策全般・マテリアル分野を含む","2026年2月19日（第19回）","マテリアルWGの母体一覧ページ"
"マテリアル","省庁","","素材産業（成長戦略・マテリアル分野の政策ページ）","https://www.meti.go.jp/policy/mono_info_service/material_industry/index.html","経済産業省","素材産業・化学・紙パルプ・窯業・部素材・GX","2026年3月3日掲載","マテリアル分野の政策全体と関連施策の入口ページ"
"マテリアル","省庁","6","産業構造審議会 経済産業政策新機軸部会","https://www.meti.go.jp/shingikai/sankoshin/shin_kijiku/index.html","経済産業省","産業横断政策・先端基盤技術・経済安全保障","2026年3月頃（第30回資料確認）","マテリアル単独会議ではないが上位の産業政策会議"
"マテリアル","省庁","2","第13期ナノテクノロジー・材料科学技術委員会","https://www.mext.go.jp/b_menu/shingi/gijyutu/gijyutu2/015-12/index.html","文部科学省","ナノテクノロジー・材料科学技術・研究開発プラン・研究評価","2026年1月21日（第3回）","文科省のマテリアル研究開発政策の中核会議"
"マテリアル","省庁","","第13期ナノテクノロジー・材料科学技術委員会 開催状況","https://www.mext.go.jp/b_menu/shingi/gijyutu/gijyutu2/015-12/giji_list/index.htm","文部科学省","同上","2026年1月21日（第3回）","開催実績一覧ページ"
"マテリアル","省庁","","第12期ナノテクノロジー・材料科学技術委員会（ARIM中間評価を含む）","https://www.mext.go.jp/b_menu/shingi/gijyutu/gijyutu2/015-11/siryo/mext_00003.html","文部科学省","ARIM・ナノテクノロジー・材料科学技術の推進方策","2024年1月19日（第3回）","ARIM中間評価や推進方策を扱った系譜上重要な回"
"マテリアル","省庁","","ナノ物質の管理に関する検討会","https://www.meti.go.jp/policy/chemical_management/other/nanomaterial_kanri.html","経済産業省","ナノマテリアルの安全管理・リスク評価・適正管理","直近開催日は今回個別確認未了","マテリアルの安全管理面で重要"
"マテリアル","関連施策・系譜","","マテリアル革新力強化戦略","https://www.mext.go.jp/content/20250605-mxt_nanozai-000042606_09.pdf","文部科学省","マテリアル研究力・社会実装・人材・データ基盤","2025年6月4日改定","会議体ではなく上位戦略文書"
"マテリアル","関連施策・系譜","","ナノテクノロジー・材料科学技術分野研究開発プラン","https://www.mext.go.jp/content/20250805-mxt_nanozai-000044116_3.pdf","文部科学省","マテリアル研究開発プログラム・ARIM・DxMT等","2025年8月5日案資料掲載","ナノ材委員会で扱う基礎文書"
"マテリアル","関連施策・系譜","","元素戦略プロジェクト＜研究拠点形成型＞","https://www.mext.go.jp/elements-strategy/about/outline","文部科学省","希少元素代替・減量・新材料創製・大型研究施設連携","現行事業ページ","会議体ではないが重要鉱物・代替材料政策の基盤事業"
"マテリアル","関連施策・系譜","3","重要鉱物（政策ページ）","https://www.meti.go.jp/policy/economy/economic_security/metal/index.html","経済産業省","重要鉱物の安定供給・供給源多角化・経済安全保障","2026年3月30日更新","会議体ではないが重要鉱物政策の入口ページ"
"マテリアル","関連施策・系譜","4","重要鉱物に係る安定供給確保を図るための取組方針","https://www.meti.go.jp/policy/economy/economic_security/metal/index.html","経済産業省","重要鉱物・供給源確保・国内外支援策","2026年3月公表","会議体ではないが実装政策の基礎文書"
"マテリアル","関連施策・系譜","5","永久磁石に係る安定供給確保を図るための取組方針","https://www.meti.go.jp/policy/economy/economic_security/magnet/magnet_hoshin_260331.pdf","経済産業省","永久磁石・レアアース・モーター部材・供給網強靱化","2026年3月31日公表","会議体ではないが重要部素材の重点政策文書"
"マテリアル","関連施策・系譜","","経済安全保障の確保に資するサプライチェーン強靱化事業（永久磁石等）","https://www.meti.go.jp/policy/policy_management/ebpm/kensyo_shinario/260331_jishaku.pdf","経済産業省","永久磁石・重要鉱物・供給網強靱化","2026年3月31日資料公表","会議体ではないが重要鉱物・部素材の実装政策資料"
"マテリアル","関連施策・系譜","","非鉄金属産業戦略","https://www.meti.go.jp/policy/nonferrous_metal/strategy_top.html","経済産業省","アルミ・チタン・マグネシウム・電線・伸銅・レアアース等","現行掲載ページ","現在の会議体ではないが金属素材政策の系譜として重要"
"マテリアル","関連施策・系譜","","2030年を見据えた非鉄金属産業戦略の概要","https://www.meti.go.jp/policy/nonferrous_metal/strategy2016/summary.pdf","経済産業省","非鉄金属・金属素材競争力・需要見通し","2016年公表","金属素材戦略の中期整理"
"マテリアル","関連施策・系譜","","ナノマテリアル情報収集・発信プログラム","https://www.meti.go.jp/policy/chemical_management/other/nano.html","経済産業省","ナノマテリアルの安全性・自主的安全対策・情報発信","現行事業ページ","ナノ材料の安全対策の基盤施策"
"港湾ロジスティクス","官邸・政府横断","","日本成長戦略会議","https://www.cas.go.jp/jp/seisaku/nipponseichosenryaku/index.html","官邸","成長戦略全般・17重点分野","2026年3月10日（第3回）","港湾ロジスティクスは17重点分野の一つ"
"港湾ロジスティクス","官邸・政府横断","1","港湾ロジスティクスWG","https://www.mlit.go.jp/kowan/kowan_fr2_000060.html","国土交通省","港湾ロジスティクス・経済安全保障・官民投資ロードマップ","2026年3月16日（第2回）","成長戦略上の当該分野の司令塔WG"
"港湾ロジスティクス","省庁","2","新しい国際コンテナ戦略港湾政策の進め方検討委員会","https://www.mlit.go.jp/kowan/kowan_fr2_000045.html","国土交通省港湾局","国際コンテナ戦略港湾・基幹航路維持・集貨/創貨・競争力強化","2026年1月21日","令和6年2月の最終とりまとめ後もフォローアップを継続"
"港湾ロジスティクス","省庁","","国際コンテナ戦略港湾政策推進委員会","https://www.mlit.go.jp/kowan/kowan_fr2_000046.html","国土交通省港湾局","国際コンテナ戦略港湾政策","直近開催日は今回個別確認未了","上記検討委員会の関連ページとして掲載"
"港湾ロジスティクス","省庁","","サイバーポート進捗管理WG（港湾物流分野）","https://www.mlit.go.jp/kowan/kowan_tk3_000025.html","国土交通省港湾局","港湾物流DX・港湾関連データ連携基盤・貿易手続","2021年3月29日（第2回）","現行Cyber Port（港湾物流）の系譜として重要"
"港湾ロジスティクス","省庁","","サイバーポート検討WG（港湾・貿易手続）","https://www.mlit.go.jp/kowan/kowan_tk3_000025.html","国土交通省港湾局","港湾・貿易手続デジタル化・データ連携基盤","2020年4月21日（第5回）","Cyber Port前段の検討WG"
"港湾ロジスティクス","省庁","","サイバーポート進捗管理WG（港湾インフラ分野）","https://www.mlit.go.jp/kowan/kowan_fr5_000073.html","国土交通省港湾局","港湾インフラDX・BIM/CIM・施設情報のデータ連携","2024年3月21日（第3回）","港湾インフラ分野のCyber Port WG"
"港湾ロジスティクス","省庁","6","京浜港物流高度化推進協議会","https://www.ktr.mlit.go.jp/kisha/kisha_03143.pdf","国土交通省関東地方整備局ほか","京浜港の物流高度化・鉄道/内航連携・CONPAS運用","2026年1月27日（第20回）","地域レベルの港湾物流高度化協議会"
"港湾ロジスティクス","省庁","6","ICTを活用した横浜港コンテナ輸送効率化検討会","https://www.ktr.mlit.go.jp/kisha/kisha_03127.pdf","国土交通省関東地方整備局","横浜港のICT活用・コンテナ輸送効率化・予約運用","2026年2月10日（第14回）","地域レベルの現場効率化検討会"
"港湾ロジスティクス","省庁","6","阪神港におけるCONPAS導入に向けた検討会","https://www.pa.kkr.mlit.go.jp/storage/002/202602/260225.pdf","国土交通省近畿地方整備局・阪神国際港湾株式会社","阪神港のCONPAS導入・ターミナル予約最適化・渋滞対策","2026年3月10日（第7回）","港湾物流効率化の実務会議"
"港湾ロジスティクス","省庁","3","コンテナターミナルにおける事業継続計画検討委員会","https://www.mlit.go.jp/report/press/port07_hh_000262.html","国土交通省港湾局","港湾BCP・自然災害時の経済活動維持輸送・ターミナル継続性","2026年3月17日（第3回）","自然災害時の港湾物流継続を扱う"
"港湾ロジスティクス","省庁","4","広域港湾BCP策定ガイドライン検討委員会","https://www.mlit.go.jp/report/press/port07_hh_000263.html","国土交通省港湾局","広域港湾BCP・経済活動維持輸送・ガイドライン改訂","2026年3月18日（第2回）","第1回で名称変更あり"
"港湾ロジスティクス","省庁","","港湾運送事業における適正取引等推進のためのガイドライン検討委員会","https://www.mlit.go.jp/kowan/kowan_fr2_000058.html","国土交通省港湾局","港運取引適正化・荷主/元請/下請関係・ガイドライン整備","2026年1月30日（第4回）","港運分野の制度・取引改善"
"港湾ロジスティクス","省庁","5","遠隔操作等荷役機械の導入に必要となる安全確保の方策に係る検討委員会","https://www.mlit.go.jp/report/press/port05_hh_000418.html","国土交通省港湾局","遠隔操作荷役機械・安全確保・モデル運用規程","2026年2月3日（第3回）","2026年3月27日にモデル運用規程を公表"
"港湾ロジスティクス","省庁","","水素を燃料とする荷役機械の導入促進に向けた検討会","https://www.mlit.go.jp/report/press/port04_hh_000553.html","国土交通省港湾局","水素荷役機械・港湾脱炭素・荷役設備転換","2026年3月4日（第6回）","脱炭素型港湾物流の実務検討"
"港湾ロジスティクス","省庁","","次世代高規格ユニットロードターミナル導入推進会議","https://www.mlit.go.jp/report/press/port03_hh_000130.html","国土交通省港湾局","内航フェリー・RORO船ターミナル・シャーシ/コンテナ位置管理・物流効率化","2026年3月5日（第2回）","モーダルシフト対応の実務会議"
"港湾ロジスティクス","省庁","","海外港湾物流プロジェクト協議会","https://www.mlit.go.jp/kowan/kowan_tk4_000153.html","国土交通省港湾局","港湾インフラ海外展開・国際物流ネットワーク・海外案件形成","2026年1月29日（第16回）","海外展開の官民協議会"
"港湾ロジスティクス","関連施策・系譜","","2030年度に向けた総合物流施策大綱に関する検討会","https://www.mlit.go.jp/seisakutokatsu/freight/content/001985305.pdf","国土交通省","物流政策全般・港湾/航空ロジスティクス強化・経済安全保障・サイバー","2026年2月提言","会議体自体は港湾専管ではないが政策上流として重要"
"港湾ロジスティクス","関連施策・系譜","","成長戦略の検討課題","https://www.cas.go.jp/jp/seisaku/nipponseichosenryaku/honbu/dai1/kentoujikou_set.pdf","官邸","戦略分野の担当大臣・港湾ロジスティクスの所管整理","2025年12月24日公表資料","会議体ではなく担当整理資料"
"防衛産業","官邸・政府横断","","日本成長戦略会議","https://www.cas.go.jp/jp/seisaku/nipponseichosenryaku/index.html","官邸","成長戦略全般・17重点分野","2026年3月10日（第3回）","防衛産業は17重点分野の一つ"
"防衛産業","官邸・政府横断","1","防衛産業WG","https://www.mod.go.jp/j/policy/agenda/meeting/defense_industry_wg/index.html","経済産業省・防衛省","防衛産業・防衛生産基盤・装備移転・官民投資ロードマップ","2026年2月20日（第1回）","成長戦略上の当該分野の司令塔WG"
"防衛産業","官邸・政府横断","2","防衛力の抜本的強化に関する有識者会議","https://www.mod.go.jp/j/policy/agenda/meeting/drastic-reinforcement/index.html","防衛省","防衛力全般・防衛産業・装備移転・研究開発・人的基盤","2026年3月10日（第7回相当・部会合同）","防衛産業・装備移転・研究開発エコシステムを継続的に議題化"
"防衛産業","省庁","","防衛装備・技術政策に関する有識者会議","https://www.mod.go.jp/j/policy/agenda/meeting/index.html","防衛省","防衛装備政策・技術政策・産業基盤","直近開催日は今回個別確認未了","防衛省の装備・技術政策の系譜上重要"
"防衛産業","省庁","3","防衛産業における受託適正取引等の推進に係る有識者検討会","https://www.meti.go.jp/shingikai/mono_info_service/defense_equipment/defense_industry/001.html","経済産業省・防衛装備庁","防衛産業の受託適正取引・サプライチェーン強靱化・ガイドライン改定","2026年3月24日（第1回）","防衛産業の下請・受託取引のフォローアップと改定検討"
"防衛産業","省庁","","防衛装備に係る事業者の下請適正取引等の推進のためのガイドライン策定に向けた有識者検討会","https://www.meti.go.jp/shingikai/mono_info_service/defense_equipment/001.html","経済産業省・防衛省","防衛装備の下請適正取引・ガイドライン策定","2024年2月20日（第2回）","現行ガイドラインの前段会議"
"防衛産業","省庁","4","防衛装備・技術協力","https://www.mod.go.jp/atla/soubiseisakugijutu.html","防衛装備庁","装備移転・国際共同研究・官民連携・海外市場開拓","継続運用","DETRAPや官民防衛産業フォーラム等を含む実務枠組み"
"防衛産業","省庁","4","防衛装備移転分野の官民連携ポータル（DETRAP）","https://www.mod.go.jp/atla/soubiseisakugijutu.html","防衛装備庁","装備移転・企業情報共有・官民連携","継続運用","装備品の海外移転に関する官民の情報共有基盤"
"防衛産業","省庁","5","Defense Innovation Meeting（DIM）","https://www.mod.go.jp/atla/houdou.html","防衛装備庁","防衛スタートアップ・イノベーション・官民接点","2026年4月6日公表","会議体というよりスタートアップ向け実務イベント"
"防衛産業","省庁","5","防衛産業参入促進展（中小企業促進展）","https://www.mod.go.jp/atla/houdou.html","防衛装備庁","中小企業参入・サプライチェーン拡大・技術マッチング","2026年1月30日公表","会議体というより参入促進イベント"
"防衛産業","省庁","5","防衛装備庁技術シンポジウム2025","https://www.mod.go.jp/atla/research/ats2025/index.html","防衛装備庁","防衛技術研究・産学官連携・技術発信","2026年1月16日（アーカイブ公開）","会議体というより技術研究発信イベント"
"防衛産業","省庁","","国際装備展示会出展（DSA 2026等）","https://www.mod.go.jp/atla/houdou.html","防衛装備庁","装備移転・国際展示・海外市場開拓","2026年3月13日公表","案件別の実務枠組み"
"防衛産業","関連施策・系譜","","我が国の防衛産業と装備移転","https://www.mod.go.jp/j/policy/agenda/meeting/drastic-reinforcement/pdf/siryo03_02.pdf","防衛省","防衛産業基盤・装備移転・官民連携・日米協力","2024年10月18日（有識者会議第3回資料）","防衛産業・装備移転の政策整理資料"
"防衛産業","関連施策・系譜","","防衛力の変革の方向性②／同志国との連携","https://www.mod.go.jp/j/policy/agenda/meeting/henkaku/pdf/20260319b.pdf","防衛省","同志国連携・装備移転・共同研究開発・官民防衛産業フォーラム","2026年3月19日資料","装備移転・協力の直近政策整理"
"防衛産業","関連施策・系譜","","防衛力抜本的強化の進捗と予算","https://www.mod.go.jp/j/budget/yosan_gaiyo/fy2026/yosan_20260408.pdf","防衛省","防衛産業基盤強化・装備移転基金・研究開発・サイバー対応","2026年4月8日公表","装備移転基金や研究開発支援を整理"
"防衛産業","関連施策・系譜","","「防衛産業における受託適正取引等の推進のためのガイドライン」を策定しました","https://www.meti.go.jp/policy/mono_info_service/mono/aerospace/shitauke.html","経済産業省","防衛産業の受託適正取引・利益率改善・サプライチェーン強靱化","2026年2月5日掲載","会議体ではないが制度運用の基礎文書"
"防衛産業","関連施策・系譜","","防衛装備移転三原則にかかわる制度","https://www.mod.go.jp/j/press/wp/wp2025/html/n510301000.html","防衛省","装備移転制度・三原則・運用指針見直し","2025年防衛白書掲載","会議体ではないが装備移転制度の基礎整理"
"情報通信","官邸・政府横断","","日本成長戦略会議","https://www.cas.go.jp/jp/seisaku/nipponseichosenryaku/index.html","官邸","成長戦略全般・17重点分野","2026年3月10日（第3回）","情報通信は17重点分野の一つ"
"情報通信","官邸・政府横断","1","情報通信成長戦略官民協議会","https://www.soumu.go.jp/main_sosiki/kenkyu/seichosenryaku_kamminkyogikai/index.html","総務省","情報通信・海底ケーブル・データセンター・Beyond 5G/6G・通信基盤強靱化","直近開催日は今回公式個別ページ確認未了","成長戦略の検討体制資料で新設を確認"
"情報通信","官邸・政府横断","","デジタル社会推進会議","https://www.digital.go.jp/councils/social-promotion","デジタル庁","デジタル社会形成全般・基盤整備","2025年6月13日（第6回）","情報通信基盤そのものの会議ではないが上位横断会議"
"情報通信","官邸・政府横断","","デジタル社会推進会議幹事会","https://www.digital.go.jp/councils/social-promotion-executive","デジタル庁","各府省のDX推進・行政データ・実装調整","2026年3月31日（第21回、各府省庁DX推進連絡会議との合同会議）","情報通信基盤の実装面に接続"
"情報通信","省庁","2","デジタルインフラ（DC等）整備に関する有識者会合","https://www.meti.go.jp/policy/mono_info_service/joho/conference/digital_infrastructure.html","経済産業省・総務省","データセンター・海底ケーブル・IX・通信/電力連携・地方分散","2024年10月4日（中間とりまとめ3.0公表）","情報通信インフラ強靱化の実務中核"
"情報通信","省庁","","局地的電力需要増加と送配電ネットワークに関する研究会","https://www.egc.meti.go.jp/activity/emsc_localdemand/","経済産業省（電力・ガス取引監視等委員会）","データセンター立地・大規模需要・電力/通信インフラ連携","2024年5月（第3回）","データセンター需要とワット・ビット連携に重要"
"情報通信","省庁","","産業構造審議会 経済産業政策新機軸部会","https://www.meti.go.jp/shingikai/sankoshin/shin_kijiku/index.html","経済産業省","デジタル産業基盤・AI/データセンター・通信インフラ整備","2026年2月4日（第30回資料確認）","ワット・ビット連携やDC立地誘導を議論"
"情報通信","省庁","3","情報通信審議会 情報通信技術分科会 技術戦略委員会","https://www.soumu.go.jp/main_sosiki/kenkyu/joho_tsusin/gijyutsu_senryaku/","総務省","Beyond 5G/6G・オール光ネットワーク・次世代情報通信技術","2025年7月24日（第54回）","直近日は総務省資料を引用した外部公開資料ベースで確認"
"情報通信","省庁","4","情報通信審議会 情報通信技術分科会 IPネットワーク設備委員会","https://public-comment.e-gov.go.jp/pcm/1040?CLASSNAME=PCM1040&Mode=1&id=145210610","総務省","ネットワークのIP化・非常時ローミング・通信設備技術条件","2026年2月10日（報告案に対する意見募集結果公表）","委員会報告案の公表結果から直近動向を確認"
"情報通信","省庁","","非常時における事業者間ローミング等に関する検討会","https://www.tca.or.jp/information/japan-roaming.html","総務省（検討会）/TCA参照","災害時ローミング・通信障害時の通信確保","第14回まで実施（開催日個別確認未了）","令和6年8月以降はIPネットワーク設備委員会で審議"
"情報通信","省庁","5","最終保障提供責務の導入等に伴う基礎的電気通信役務制度の在り方","https://public-comment.e-gov.go.jp/pcm/1040?CLASSNAME=PCM1040&Mode=1&id=145210622","総務省（情報通信審議会）","電話・ブロードバンドのユニバーサルサービス制度","2026年2月17日（一次答申案の意見募集結果公表）","最終保障提供責務とユニバーサルサービス制度見直し"
"情報通信","省庁","6","消費者保護ルールの在り方に関する検討会","https://public-comment.e-gov.go.jp/pcm/1040?CLASSNAME=PCM1040&Mode=1&id=145210318","総務省","電気通信サービスの利用者保護・販売代理店・説明義務","2025年8月29日（報告書2025公表）","利用者保護ルールの不断の見直しを行う検討会"
"情報通信","省庁","","データセンター等のデジタルインフラ 整備の現状と課題","https://www.cas.go.jp/jp/seisaku/gx_jikkou_kaigi/senmonka_wg/dai8/siryou3.pdf","内閣官房GX実行推進室・経済産業省","データセンター・IX・海底ケーブル・レジリエンス","2024年10月3日資料","会議体ではないがGX専門家WG資料として重要"
"情報通信","省庁","","ポスト5G情報通信システム基盤強化研究開発事業","https://www.meti.go.jp/policy/mono_info_service/joho/post5g/index.html","経済産業省","ポスト5G・次世代情報通信基盤・半導体/通信基盤","2026年時点の事業継続を確認","会議体ではないが政策実装の中核事業"
"情報通信","関連施策・系譜","","デジタルインフラ（DC等）整備に関する有識者会合 中間とりまとめ3.0","https://www.meti.go.jp/press/2024/10/20241004004/20241004004.html","経済産業省・総務省","データセンター・海底ケーブル・デジタルインフラ整備方針","2024年10月4日公表","会議体ではなく取りまとめ文書"
"情報通信","関連施策・系譜","","革新的情報通信技術（Beyond 5G（6G））基金事業","https://www.nict.go.jp/collabo/commission/B5Gsokushin/","NICT・総務省","Beyond 5G/6G研究開発・社会実装","2026年1月時点の公募資料確認","会議体ではないが政策実装の重要基盤"
"情報通信","関連施策・系譜","","JAPANローミング™","https://www.tca.or.jp/information/japan-roaming.html","TCA/国内携帯各社","災害時・通信障害時の事業者間ローミング","2026年4月1日サービス開始","総務省検討会とIPネットワーク設備委員会の議論を踏まえた実装"
"海洋","官邸・政府横断","","日本成長戦略会議","https://www.cas.go.jp/jp/seisaku/nipponseichosenryaku/index.html","官邸","成長戦略全般・17重点分野","2026年3月10日（第3回）","海洋は17重点分野の一つ"
"海洋","官邸・政府横断","1","海洋WG","https://www8.cao.go.jp/ocean/policies/kaiyo_wg/kaiyo_wg_top.html","内閣府","海洋産業・海洋資源・海洋観測・AUV/USV・海洋安全保障・官民投資ロードマップ","2026年3月16日（第2回）","成長戦略上の当該分野の司令塔WG"
"海洋","官邸・政府横断","2","総合海洋政策本部","https://www8.cao.go.jp/ocean/index.html","内閣府","海洋政策全般・海洋基本計画・海洋開発等重点戦略","2025年4月25日（第23回）","海洋政策全体の上位本部"
"海洋","官邸・政府横断","2","総合海洋政策本部・参与会議","https://www.cas.go.jp/jp/seisakukaigi/kaiyou/sanyo/dai82/82index.html","内閣官房・内閣府海洋政策","海洋政策全般・重点戦略フォローアップ・有識者審議","2025年12月12日（第82回）","総合海洋政策本部の有識者会議"
"海洋","官邸・政府横断","4","自律型無人探査機官民プラットフォーム","https://www8.cao.go.jp/ocean/policies/auv/call_for_participants/pdf/10/r703_shiryou_0.pdf","内閣府","自律型無人探査機（AUV）・海洋ロボティクス・制度環境整備・デュアルユース","2025年10月30日（第2回全体会議）","第3回全体会議は2026年1月下旬予定と資料で確認"
"海洋","省庁","3","海における次世代モビリティに関する産学官協議会","https://www.mlit.go.jp/sogoseisaku/ocean_policy/index.html","国土交通省総合政策局","海洋ドローン・AUV・USV・海洋DX・ブルーエコノミー","2026年3月17日（第13回）","次世代海洋モビリティビジョンを取りまとめ"
"海洋","省庁","5","洋上風力発電の導入促進に向けた港湾のあり方に関する検討会","https://www.mlit.go.jp/report/press/port06_hh_000329.html","国土交通省港湾局","洋上風力・基地港湾・浮体式洋上風力・港湾機能整備","2026年2月27日（令和7年度第3回開催公表）","海洋産業と港湾機能強化の実務会議"
"海洋","省庁","6","地球温暖化防止に貢献するブルーカーボンの役割に関する検討会","https://www.mlit.go.jp/report/press/port06_hh_000325.html","国土交通省港湾局","ブルーカーボン・海洋生態系・吸収源対策・港湾CN","2026年2月9日（令和7年度第2回）","ブルーカーボン活用拡大とBDASを議論"
"海洋","省庁","","協働防護計画作成ガイドライン検討委員会","https://www.mlit.go.jp/kowan/content/001892407.pdf","国土交通省港湾局","港湾の気候変動適応・協働防護・高潮/海面上昇対応","2025年3月までに3回開催","港湾の気候変動適応と防災の実務検討"
"海洋","省庁","7","港湾技術基準のあり方検討委員会","https://www.mlit.go.jp/report/press/port07_hh_000261.html","国土交通省港湾局","港湾技術基準・港湾施設・近年の社会情勢変化への対応","2026年2月25日（第1回開催公表）","海洋・港湾インフラ基準の見直し検討"
"海洋","関連施策・系譜","","海洋開発等重点戦略","https://www8.cao.go.jp/ocean/index.html","総合海洋政策本部","海洋資源・海洋調査・海上輸送・海洋安全保障・海洋産業","2024年4月決定/2025年4月フォローアップ","会議体ではないが海洋政策の中核文書"
"海洋","関連施策・系譜","","次世代海洋モビリティビジョン","https://www.mlit.go.jp/report/press/content/001993817.pdf","国土交通省","海洋ドローン・AUV/ROV/USV・海洋DX・安全保障デュアルユース","2026年3月31日公表","会議体ではなく産学官協議会の成果物"
"海洋","関連施策・系譜","","「自律型無人探査機（AUV）の開発・利用の推進」工程表","https://www8.cao.go.jp/ocean/policies/juten_pdf/koutei.pdf","内閣府","洋上風力・海洋安全保障・海洋環境保全等でのAUV実利用","2025年度末時点の工程表","会議体ではないがAUV政策の基礎文書"
"海洋","関連施策・系譜","","国際シンポジウム「新時代北極と日本の針路」","https://www8.cao.go.jp/ocean/policies/arcticpolicy/symposium/symposium2026.html","内閣府海洋政策","北極政策・海洋安全保障・資源/航路・国際連携","2026年3月13日","会議体というより政策シンポジウム"
"新技術立国・競争力強化","官邸・政府横断","","日本成長戦略会議","https://www.cas.go.jp/jp/seisaku/nipponseichosenryaku/index.html","官邸","成長戦略全般・17戦略分野・8横断分野","2026年3月10日（第3回）","「新技術立国・競争力強化」は8横断分野の一つ"
"新技術立国・競争力強化","官邸・政府横断","2","基本計画専門調査会","https://www8.cao.go.jp/cstp/tyousakai/kihon7/index.html","内閣府（CSTI）","科学技術・イノベーション基本計画・研究力・競争力強化","2026年3月16日（第13回）","第7期基本計画の上位会議"
"新技術立国・競争力強化","官邸・政府横断","3","重要技術領域検討WG","https://www8.cao.go.jp/cstp/tyousakai/kihon7/wg/index.html","内閣府（CSTI）","重要技術領域・研究開発重点化・競争力強化","2025年11月26日（第7回）","AI・量子・半導体等の重点技術領域を整理"
"新技術立国・競争力強化","官邸・政府横断","4","総合科学技術・イノベーション会議 評価専門調査会","https://www8.cao.go.jp/cstp/tyousakai/hyouka/r03main.html","内閣府（CSTI）","研究開発評価・国家プロジェクト評価","2026年2月9日（第158回）","国家研究開発投資の評価側"
"新技術立国・競争力強化","官邸・政府横断","5","戦略的イノベーション創造プログラム（SIP）第3期制度中間評価WG","https://www8.cao.go.jp/cstp/kaisaiannai/2026/20260202sip3_wg.html","内閣府（CSTI）","SIP第3期・制度評価・社会実装","2026年2月2日（第2回）","国家横断のイノベーション実装制度の評価WG"
"新技術立国・競争力強化","官邸・政府横断","6","知的財産戦略本部 構想委員会","https://www.cas.go.jp/jp/seisakukaigi/titeki2/tyousakai/kousou/2026/dai2/index.html","内閣官房","知財戦略・イノベーション創出・知財推進計画","2026年2月27日（第2回）","知財・規制・競争力強化を接続する上位会議"
"新技術立国・競争力強化","省庁","1","産業構造審議会 経済産業政策新機軸部会","https://www.meti.go.jp/shingikai/sankoshin/shin_kijiku/index.html","経済産業省","新技術立国・競争力強化・産業構造転換","2026年3月5日（第30回）","この横断分野の中核会議"
"新技術立国・競争力強化","省庁","","第30回 産業構造審議会 経済産業政策新機軸部会","https://www.meti.go.jp/shingikai/sankoshin/shin_kijiku/030.html","経済産業省","新技術立国・競争力強化・グローバル競争力","2026年3月5日（第30回）","事務局説明資料で横断分野の位置づけを整理"
"新技術立国・競争力強化","省庁","7","内外一体のグローバル産業戦略に関する有識者会議","https://www.meti.go.jp/shingikai/economy/global_industrial_strategy/index.html","経済産業省","グローバル競争力・産業戦略・新市場開拓","2026年2月頃（第3回資料確認）","新機軸部会の参考会議として位置づく"
"新技術立国・競争力強化","省庁","8","デジタル社会推進会議","https://www.digital.go.jp/councils/social-promotion","デジタル庁","デジタル基盤・競争力強化・社会実装","2025年6月13日（第6回）","横断的なデジタル実装会議"
"新技術立国・競争力強化","省庁","8","デジタル社会推進会議幹事会","https://www.digital.go.jp/councils/social-promotion-executive","デジタル庁","各府省DX・デジタル基盤実装","2026年3月31日（第21回）","新技術の政府横断実装に接続"
"新技術立国・競争力強化","関連施策・系譜","","第30回新機軸部会 事務局説明資料","https://www.meti.go.jp/shingikai/sankoshin/shin_kijiku/pdf/030_01_00.pdf","経済産業省","新技術立国・競争力強化の総論","2026年2月4日公表資料","新機軸部会での論点整理資料"
"新技術立国・競争力強化","関連施策・系譜","","第7期「科学技術・イノベーション基本計画」答申案","https://www8.cao.go.jp/cstp/tyousakai/kihon7/13kai/giji.pdf","内閣府（CSTI）","研究力・重要技術・イノベーション政策の上位方針","2026年3月16日了承","会議体ではなく基本計画の答申案"
"人材育成","官邸・政府横断","","日本成長戦略会議","https://www.cas.go.jp/jp/seisaku/nipponseichosenryaku/index.html","官邸","成長戦略全般・17戦略分野・8横断分野","2026年3月10日（第3回）","「人材育成」は8横断分野の一つ"
"人材育成","官邸・政府横断","1","日本成長戦略会議・人材育成分科会（兼 人材育成システム改革推進タスクフォース）","https://www.mext.go.jp/b_menu/activity/detail/2026/20260324_2.html","文部科学省","高校・大学・大学院・産業人材・科学技術人材育成","2026年3月24日（第3回分科会／第5回TF）","人材育成横断分野の中核会議"
"人材育成","官邸・政府横断","5","教育未来創造会議","https://www.cas.go.jp/jp/seisaku/kyouikumirai","内閣官房","高等教育改革・留学促進・成長分野人材育成","直近開催日は今回個別確認未了","工程表改訂を継続公表する上位会議"
"人材育成","官邸・政府横断","","教育未来創造会議WG","https://www.cas.go.jp/jp/seisaku/kyouikumirai/sozo_mirai_wg/index.html","内閣官房","高等教育改革・人材育成・留学促進","直近開催日は今回個別確認未了","教育未来創造会議の下部WG"
"人材育成","官邸・政府横断","1","日本成長戦略会議・人材育成分科会 配布資料","https://www.mext.go.jp/b_menu/shingi/chousa/sonota/005/index.htm","文部科学省","人材育成分科会・制度設計","2026年4月9日（第4回）","参考資料に今後の予定案あり"
"人材育成","省庁","3","中央教育審議会 大学分科会","https://www.mext.go.jp/b_menu/shingi/chukyo/chukyo4/giji_list/index.htm","文部科学省","大学改革・質保証・高等教育制度","2025年11月13日（第186回）","高等教育制度の本体会議"
"人材育成","省庁","3","中央教育審議会 高等教育の在り方に関する特別部会","https://www.mext.go.jp/b_menu/shingi/chukyo/chukyo4/053/index.html","文部科学省","少子化下の高等教育再構築・大学再編・質保証","2025年1月28日（第15回）","大学分科会の下の特別部会"
"人材育成","省庁","4","科学技術・学術審議会 大学研究力強化部会","https://www.mext.go.jp/b_menu/shingi/gijyutu/gijyutu35/index.html","文部科学省","研究大学・科学技術人材・研究力強化","2026年3月18日（第6回）","大学研究力強化委員会から改組"
"人材育成","省庁","","科学技術・学術審議会 大学研究力強化委員会（～第12期）","https://www.mext.go.jp/b_menu/shingi/gijyutu/gijyutu32/index.html","文部科学省","研究大学・研究人材・研究環境","2025年2月4日（第17回）","大学研究力強化部会の前身"
"人材育成","省庁","","中央教育審議会 初等中等教育分科会 教育課程部会 総則・評価特別部会","https://www.mext.go.jp/b_menu/shingi/chukyo/chukyo3/103/index.html","文部科学省","初等中等教育・学習評価・教育課程改革・資質能力育成","2026年3月30日（第7回）","学校段階の人材育成基盤を扱う"
"人材育成","省庁","2","労働政策審議会 人材開発分科会（旧職業能力開発分科会）","https://www.mhlw.go.jp/stf/shingi/shingi-rousei_126986.html","厚生労働省","職業能力開発・人材育成・リスキリング・若年雇用","2026年3月27日（第58回）","職業能力開発基本計画等を審議"
"人材育成","省庁","","中央職業能力開発促進協議会（旧中央訓練協議会）","https://www.mhlw.go.jp/stf/shingi/other-syokunou_128998.html","厚生労働省","全国職業訓練実施計画・地域協議・人材ニーズ把握","2026年1月29日（令和7年度第2回）","地域職業能力開発促進協議会の上位協議体"
"人材育成","省庁","","労働政策審議会 人材開発分科会監理団体審査部会","https://www.mhlw.go.jp/stf/shingi/shingi-rousei_474670.html","厚生労働省","技能実習・監理団体審査","2026年2月19日（第74回）","人材育成分野の周辺会議"
"人材育成","省庁","","労働政策審議会 職業安定分科会雇用保険部会","https://www.mhlw.go.jp/stf/shingi/shingi-rousei_126980_00007.html","厚生労働省","教育訓練給付制度・雇用保険・リスキリング支援","2024年8月27日（第197回）","教育訓練給付制度の制度面に接続"
"人材育成","官邸・政府横断","","基本計画専門調査会","https://www8.cao.go.jp/cstp/tyousakai/kihon7/index.html","内閣府（CSTI）","科学技術・イノベーション基本計画・科学技術人材","2026年3月16日（第13回）","科学技術人材育成の上位会議"
"人材育成","省庁","6","デジタル社会構想会議","https://www.digital.go.jp/councils/social-concept","デジタル庁","デジタル社会の中長期構想・デジタル人材","2026年1月9日（第11回）","デジタル人材育成の上位構想会議"
"人材育成","省庁","6","デジタル・サイバーセキュリティWG","https://www.digital.go.jp/councils/digital-cybersecurity/b37edb39-2a1c-4a1f-8c5e-431fcc299cd5","デジタル庁・経済産業省","デジタル人材・AI/セキュリティ人材・組織改革","2026年3月6日（第1回）","デジタル人材230万人目標後も見据えた議論"
"人材育成","関連施策・系譜","","産業人材育成政策について","https://www.mext.go.jp/content/20260130-mxt_daigakuc01-000046995_13.pdf","文部科学省","産業人材育成・博士人材・リカレント教育・大学改革","2026年1月30日資料","会議体ではないが人材育成分科会の議論資料として重要"
"人材育成","関連施策・系譜","","教育未来創造会議 第一次提言 工程表（令和8年3月改訂）","https://www.cas.go.jp/jp/seisaku/kyouikumirai/pdf/gaiyou01.pdf","内閣官房","成長分野をけん引する大学・高専の機能強化・理系人材育成","2026年3月改訂","会議体ではないが高等教育人材育成の中核文書"
"人材育成","関連施策・系譜","","教育未来創造会議 第二次提言 工程表（令和8年3月改訂）","https://www.cas.go.jp/jp/seisaku/kyouikumirai/pdf/gaiyou02.pdf","内閣官房","留学促進・国際人材育成・J-MIRAI","2026年3月改訂","会議体ではないが国際人材育成の中核文書"
"人材育成","関連施策・系譜","","Society 5.0時代のデジタル人材育成に関する検討会 報告書","https://www.meti.go.jp/policy/it_policy/jinzai/dxjinzaireport_202505.pdf","経済産業省","デジタル人材育成・リスキリング・DX人材","2025年5月公表","現行のデジタル人材政策の系譜資料"
"人材育成","関連施策・系譜","","デジタル人材の育成・確保","https://www.digital.go.jp/policies/digital_human_resources","デジタル庁","デジタル人材政策全般","2026年3月3日更新","会議体ではないが政策の入口ページ"
"スタートアップ","官邸・政府横断","","日本成長戦略会議","https://www.cas.go.jp/jp/seisaku/nipponseichosenryaku/index.html","官邸","成長戦略全般・17戦略分野・8横断分野","2026年3月10日（第3回）","「スタートアップ」は8横断分野の一つ"
"スタートアップ","官邸・政府横断","1","スタートアップ政策推進分科会","https://www.cas.go.jp/jp/seisaku/nipponseichosenryaku/startup/index.html","内閣官房","スタートアップ政策全般・スケールアップ・ディープテック・地域創出育成","2026年3月16日（第2回）","官邸トップで第2回開催を確認。個別一覧ページは第1回中心"
"スタートアップ","官邸・政府横断","","第1回スタートアップ政策推進分科会","https://www.cas.go.jp/jp/seisaku/nipponseichosenryaku/startup/dai1/index.html","内閣官房","スタートアップ政策全般","2026年2月4日（第1回）","設置後初回会合"
"スタートアップ","官邸・政府横断","","第2回スタートアップ政策推進分科会","https://www.cas.go.jp/jp/seisaku/nipponseichosenryaku/startup/dai2/gijishidai.html","内閣官房","ディープテック・地域スタートアップ・スケールアップ","2026年3月16日（第2回）","議事次第ページあり"
"スタートアップ","官邸・政府横断","2","新しい資本主義実現会議","https://www.cas.go.jp/jp/seisaku/atarashii_sihonsyugi/","内閣官房","新しい資本主義全般・スタートアップ育成5か年計画の上位会議","2025年10月3日（第37回）","スタートアップ育成5か年計画の政策源流"
"スタートアップ","官邸・政府横断","2","新しい資本主義実現会議（第13回）","https://www.cas.go.jp/jp/seisaku/atarashii_sihonsyugi/kaigi/dai13/gijisidai.html","内閣官房","スタートアップ育成5か年計画","2022年11月28日（第13回）","「スタートアップ育成5か年計画」を取りまとめた回"
"スタートアップ","官邸・政府横断","3","グローバル・スタートアップ・キャンパス構想に関する有識者会議","https://www.cas.go.jp/jp/seisaku/campus/index.html","内閣官房","ディープテック・大学発スタートアップ・国際連携・インキュベーション","2025年11月7日（第9回）","直近確認可能回"
"スタートアップ","官邸・政府横断","4","基本計画専門調査会","https://www8.cao.go.jp/cstp/tyousakai/kihon7/index.html","内閣府（CSTI）","科学技術・イノベーション基本計画・スタートアップ創出成長","2026年3月16日（第13回）","第7期基本計画の上位会議"
"スタートアップ","官邸・政府横断","5","重要技術領域検討WG","https://www8.cao.go.jp/cstp/tyousakai/kihon7/wg/index.html","内閣府（CSTI）","重要技術領域・スタートアップ支援・ディープテック","2025年11月26日（第7回）","重要技術とスタートアップ支援の接点"
"スタートアップ","官邸・政府横断","7","総合科学技術・イノベーション会議 評価専門調査会","https://www8.cao.go.jp/cstp/tyousakai/hyouka/r03main.html","内閣府（CSTI）","国家研究開発評価・社会実装・研究投資","2026年2月9日（第158回）","国家研究開発投資の評価側"
"スタートアップ","官邸・政府横断","7","戦略的イノベーション創造プログラム（SIP）第3期制度中間評価WG","https://www8.cao.go.jp/cstp/kaisaiannai/2026/20260202sip3_wg.html","内閣府（CSTI）","SIP第3期・制度評価・社会実装","2026年2月2日（第2回）","国家横断のイノベーション実装制度の評価WG"
"スタートアップ","官邸・政府横断","6","知的財産戦略本部 構想委員会","https://www.cas.go.jp/jp/seisakukaigi/titeki2/tyousakai/kousou/2026/dai2/index.html","内閣官房","知財戦略・イノベーション創出・競争力強化","2026年2月27日（第2回）","スタートアップの知財・競争力強化に接続"
"スタートアップ","省庁","","デジタル社会構想会議","https://www.digital.go.jp/councils/social-concept","デジタル庁","デジタル社会の中長期構想・デジタルスタートアップ環境","2025年12月4日（第11回）","デジタル基盤面の上位会議"
"スタートアップ","省庁","","デジタル社会推進会議","https://www.digital.go.jp/councils/social-promotion","デジタル庁","デジタル社会形成全般・スタートアップの事業環境整備","2025年6月13日（第6回）","政府横断のデジタル実装会議"
"スタートアップ","省庁","","デジタル社会推進会議幹事会","https://www.digital.go.jp/councils/social-promotion-executive","デジタル庁","各府省DX推進・デジタル基盤実装","2026年3月31日（第21回）","スタートアップの事業環境整備に接続"
"スタートアップ","省庁","","スタートアップ支援策（政策ページ）","https://www.meti.go.jp/policy/newbusiness/startup/index.html","経済産業省","スタートアップ政策全般・スケールアップ・官民連携・公共調達","2026年3月10日更新","会議体ではないが経産省スタートアップ政策の入口ページ"
"スタートアップ","省庁","","内外一体のグローバル産業戦略に関する有識者会議","https://www.meti.go.jp/shingikai/economy/global_industrial_strategy/index.html","経済産業省","グローバル競争力・海外展開・スタートアップ国際展開","2026年2月頃（第3回資料確認）","スタートアップのグローバル展開に接続"
"スタートアップ","関連施策・系譜","","スタートアップ育成5か年計画","https://www.cas.go.jp/jp/seisaku/atarashii_sihonsyugi/kaigi/dai13/shiryou1.pdf","内閣官房","スタートアップ政策全般","2022年11月28日取りまとめ","会議体ではないが現行政策の基礎文書"
"スタートアップ","関連施策・系譜","","スタートアップ育成5か年計画ロードマップ","https://www.cas.go.jp/jp/seisaku/atarashii_sihonsyugi/kaigi/dai13/shiryou2.pdf","内閣官房","スタートアップ育成政策の実行計画","2022年11月28日取りまとめ","会議体ではないが実行ロードマップ"
"スタートアップ","関連施策・系譜","","Global Startup EXPO","https://www.meti.go.jp/press/2025/02/20260203003/20260203003.html","経済産業省","ディープテック・国際発信・海外資金呼び込み","2026年2月3日公表","会議体ではなく政策イベント"
"スタートアップ","関連施策・系譜","","スタートアップの力で社会課題解決と経済成長を加速する","https://www.meti.go.jp/policy/newbusiness/kaisetsushiryou_202603.pdf","経済産業省","スタートアップ施策全般・官民連携・公共調達・J-StarX・Japan Innovation Campus","2026年3月12日公表","政策の全体整理資料"
"スタートアップ","関連施策・系譜","","第7期科学技術・イノベーション基本計画関連資料","https://www.mext.go.jp/content/20260407-ope_dev02-000044426_1.pdf","文部科学省","大学発スタートアップ創出・成長支援・人材育成","2026年4月7日公表","会議体ではないが大学発スタートアップ政策の直近資料"
"スタートアップ","関連施策・系譜","","科学の再興に向けて 提言","https://www.mext.go.jp/content/20251224-mxt_kibanken01-000046507_2.pdf","文部科学省","大学発スタートアップ・オープンイノベーション・大学改革","2025年12月25日公表","会議体ではないが研究大学・大学発スタートアップ政策の基礎資料"
"金融","官邸・政府横断","","日本成長戦略会議","https://www.cas.go.jp/jp/seisaku/nipponseichosenryaku/index.html","官邸","成長戦略全般・17戦略分野・8横断分野","2026年3月10日（第3回）","「金融」は8横断分野の一つ"
"金融","官邸・政府横断","1","新戦略策定のための資産運用立国推進分科会","https://www.cas.go.jp/jp/seisaku/nipponseichosenryaku/kinyu/index.html","内閣官房・金融庁","資産運用立国・アセットオーナー・企業年金・個人年金・成長資金供給","2026年4月2日（第3回）","金融横断分野の中核会議"
"金融","官邸・政府横断","1","新戦略策定のための資産運用立国推進分科会（第1回）","https://www.cas.go.jp/jp/seisaku/nipponseichosenryaku/kinyu/index.html","内閣官房・金融庁","資産運用立国","2026年1月15日（第1回）","開催状況一覧に掲載"
"金融","官邸・政府横断","1","新戦略策定のための資産運用立国推進分科会（第2回）","https://www.cas.go.jp/jp/seisaku/nipponseichosenryaku/kinyu/index.html","内閣官房・金融庁","資産運用立国","2026年3月2日（第2回）","開催状況一覧に掲載"
"金融","官邸・政府横断","1","新戦略策定のための資産運用立国推進分科会（第3回）","https://www.cas.go.jp/jp/seisaku/nipponseichosenryaku/kinyu/dai3/gijishidai.html","内閣官房・金融庁","アセットオーナーの機能向上・企業年金改革・個人年金改革","2026年4月2日（第3回）","個別開催ページで確認"
"金融","官邸・政府横断","","新しい資本主義実現会議","https://www.cas.go.jp/jp/seisaku/atarashii_sihonsyugi/","内閣官房","新しい資本主義全般・資産所得倍増プラン・資産運用立国実現プラン","2025年10月3日（第37回）","資産所得倍増プラン・資産運用立国実現プランの上位会議"
"金融","省庁","2","金融審議会総会・金融分科会合同会合","https://www.fsa.go.jp/singi/singi_kinyu/soukai/gijiroku/20260203.html","金融庁","金融制度全般・各WG報告の集約","2026年2月3日（第56回総会・第44回金融分科会）","金融庁側の上位会議"
"金融","省庁","5","金融審議会 地域金融力の強化に関するWG","https://www.fsa.go.jp/singi/singi_kinyu/chiikikinyuryoku_wg/chiikikinyuryoku_wg.html","金融庁","地域金融・事業再生・事業承継・経営人材支援・地域活性化","2025年12月4日（第4回）","2026年2月3日合同会合で報告"
"金融","省庁","8","金融審議会 暗号資産制度に関するWG","https://www.fsa.go.jp/singi/singi_kinyu/base.html","金融庁","暗号資産制度・投資家保護・市場整備・サイバー対策","2025年12月10日（報告書公表）","2026年2月3日合同会合で報告"
"金融","省庁","6","金融審議会 市場制度WG","https://www.fsa.go.jp/singi/singi_kinyu/base.html","金融庁","不公正取引規制・インサイダー取引規制・市場制度","2025年12月26日（報告公表）","2026年2月3日合同会合で報告"
"金融","省庁","4","金融審議会 サステナビリティ情報の開示と保証のあり方に関するWG","https://www.fsa.go.jp/singi/singi_kinyu/sustainability_disclose_wg/sustainability_disclose_wg_index.html","金融庁","SSBJ基準・サステナビリティ開示・第三者保証","2025年10月30日（第9回）/2026年1月8日（報告書公表）","開催実績一覧あり"
"金融","省庁","","金融審議会 企業情報の開示のあり方に関するWG","https://www.fsa.go.jp/singi/singi_kinyu/soukai/siryou/20260203/5-1.pdf","金融庁","企業開示制度・有報開示・投資家対話","2026年2月3日合同会合で報告","個別ページの直近開催日は今回特定未了"
"金融","省庁","6","金融審議会 ディスクロージャーWG","https://www.fsa.go.jp/news/r7/shouken/20260220/01.pdf","金融庁","企業内容等の開示・人的資本開示・有報記載事項整理","2026年春頃から議論開始予定","まだ再開前の予定段階"
"金融","省庁","3","コーポレートガバナンス・コードの改訂に関する有識者会議","https://www.fsa.go.jp/singi/revision_corporategovernance/index.html","金融庁","コーポレートガバナンス改革・企業価値向上・成長投資","2026年4月3日（令和7年度第3回）","資産運用立国と企業価値向上に直結"
"金融","省庁","7","トランジション・ファイナンス環境整備検討会","https://www.fsa.go.jp/singi/transition_finance/","金融庁・経済産業省・環境省","トランジション・ファイナンス・GX金融・移行計画","2026年2月27日（第13回）","サステナブル金融の実務会議"
"金融","省庁","","デジタル社会推進会議","https://www.digital.go.jp/councils/social-promotion","デジタル庁","デジタル基盤・金融サービス実装基盤・行政DX","2025年6月13日（第6回）","金融分野のデジタル実装に接続"
"金融","省庁","","デジタル社会推進会議幹事会","https://www.digital.go.jp/councils/social-promotion-executive","デジタル庁","各府省DX・基盤実装","2026年3月31日（第21回）","金融行政の実装基盤に接続"
"金融","関連施策・系譜","","資産所得倍増プラン","https://www.cas.go.jp/jp/seisaku/nipponseichosenryaku/kinyu/index.html","新しい資本主義実現会議決定","家計の資産形成・貯蓄から投資へ","2022年11月28日決定","会議体ではないが金融横断分野の起点"
"金融","関連施策・系譜","","資産運用立国実現プラン","https://www.cas.go.jp/jp/seisaku/nipponseichosenryaku/kinyu/index.html","資産運用立国分科会取りまとめ/新しい資本主義実現会議報告","資産運用業改革・アセットオーナー改革・成長資金供給","2024年2月27日報告","会議体ではないが現行政策の基礎文書"
"金融","関連施策・系譜","","資産運用立国の将来像","https://www.fsa.go.jp/common/conference/danwa/20260121.pdf","金融庁","資産運用立国・企業価値向上・家計資産形成","2026年1月21日講演資料","会議体ではないが政策全体像の整理資料"
"金融","関連施策・系譜","","成長戦略・資産運用立国におけるスタートアップ投資の位置づけ","https://www.fsa.go.jp/news/r7/sonota/20260209/01.pdf","金融庁","資産運用立国・スタートアップ投資・EMP・VCエコシステム","2026年2月9日公表","会議体ではないが金融とスタートアップの接点資料"
"金融","関連施策・系譜","","アセットオーナー/ゲートキーパー・ベンチャーキャピタル ミートアップ","https://www.fsa.go.jp/access/r7/270/270_02.pdf","金融庁・経済産業省・JVCA","スタートアップ投資・VC・アセットオーナー改革","2026年2月6日","会議体というより政策イベント"
"金融","関連施策・系譜","","Japan Weeks 2025（資産運用フォーラム年次会合等）","https://www.fsa.go.jp/internationalfinancialcenter/lp/japanweeks2025/","金融庁","国際金融センター・資産運用・金融市場の国際発信","2025年10月21日（資産運用フォーラム年次会合）","会議体というより政策イベント群"
"金融","関連施策・系譜","","Japan Fintech Week 2026","https://www.fsa.go.jp/common/ronten/202601/01.pdf","金融庁","フィンテック・決済・ブロックチェーン・地域金融・サステナビリティ","2026年2月24日～3月6日","会議体というより政策イベント群"
"金融","関連施策・系譜","","インパクトコンソーシアム勉強会","https://www.fsa.go.jp/common/ronten/202601/04.pdf","金融庁関係","インパクトファイナンス・地域金融・機関投資家","2026年2月2日（第2回勉強会予定）","会議体というより実務コミュニティ"
"労働市場改革","官邸・政府横断","","日本成長戦略会議","https://www.cas.go.jp/jp/seisaku/nipponseichosenryaku/index.html","官邸","成長戦略全般・17戦略分野・8横断分野","2026年3月10日（第3回）","「労働市場改革」は8横断分野の一つ"
"労働市場改革","官邸・政府横断","1","労働市場改革分科会","https://www.mhlw.go.jp/stf/newpage_69660.html","厚生労働省","労働市場改革全般・労働移動・賃金・雇用慣行見直し","2026年4月3日（第2回）","横断分野の中核会議"
"労働市場改革","官邸・政府横断","","第1回労働市場改革分科会","https://www.mhlw.go.jp/stf/newpage_70698.html","厚生労働省","労働市場改革全般","2026年3月11日（第1回）","開催案内ページ"
"労働市場改革","官邸・政府横断","","第2回労働市場改革分科会","https://www.mhlw.go.jp/stf/newpage_71964.html","厚生労働省","労働市場改革全般","2026年4月3日（第2回）","開催案内ページ"
"労働市場改革","官邸・政府横断","","新しい資本主義実現会議","https://www.cas.go.jp/jp/seisaku/atarashii_sihonsyugi/","内閣官房","新しい資本主義全般・三位一体の労働市場改革","2025年10月3日（第37回）","「三位一体の労働市場改革の指針」の上位会議"
"労働市場改革","官邸・政府横断","","三位一体の労働市場改革の指針","https://www.cas.go.jp/jp/seisaku/atarashii_sihonsyugi/kaigi/dai18/shiryou1.pdf","新しい資本主義実現会議","リスキリング・職務給・成長分野への労働移動","2023年5月16日決定","会議体ではないが現行政策の起点文書"
"労働市場改革","省庁","","労働政策審議会","https://www.mhlw.go.jp/stf/shingi/shingi-rousei_126897.html","厚生労働省","労働政策全般・各分科会の上位審議","2025年10月3日（第56回）","厚労省労働政策全体の上位審議会"
"労働市場改革","省庁","2","労働政策審議会 人材開発分科会","https://www.mhlw.go.jp/stf/shingi/shingi-rousei_126986.html","厚生労働省","職業能力開発・リスキリング・若年人材育成","2026年3月27日（第58回）","労働市場改革の人材開発面の中核会議"
"労働市場改革","省庁","","中央職業能力開発促進協議会","https://www.mhlw.go.jp/stf/shingi/other-syokunou_128998.html","厚生労働省","全国職業訓練実施計画・地域訓練・人材ニーズ把握","2026年1月29日（令和7年度第2回）","人材開発分科会と接続する上位協議体"
"労働市場改革","省庁","3","労働政策審議会 職業安定分科会","https://www.mhlw.go.jp/stf/shingi/shingi-rousei_126979.html","厚生労働省","職業紹介・雇用対策・労働移動・雇用安定","2026年3月27日（第223回）","雇用・職業紹介制度の中核会議"
"労働市場改革","省庁","","労働政策審議会 職業安定分科会 雇用対策基本問題部会","https://www.mhlw.go.jp/stf/newpage_71084.html","厚生労働省","雇用対策・マッチング・労働移動・地域雇用","2026年1月28日（第75回）","職業安定分科会の下部会議"
"労働市場改革","省庁","7","外国人雇用対策の在り方に関する検討会","https://www.mhlw.go.jp/stf/seisakunitsuite/bunya/topics_150885.html","厚生労働省","外国人雇用・留学生就職支援・雇用管理改善","2026年3月19日（第13回）","労働供給制約への対応として重要"
"労働市場改革","省庁","4","労働政策審議会 労働条件分科会","https://www.mhlw.go.jp/stf/shingi/shingi-rousei_126969_00004.html","厚生労働省","労働条件・労働時間制度・働き方改革の総点検","2026年3月13日（第207回）","労働条件制度面の中核会議"
"労働市場改革","省庁","","労働政策審議会 労働条件分科会 労災保険部会","https://www.mhlw.go.jp/stf/shingi/shingi-rousei_126970.html","厚生労働省","労災保険制度・就業形態多様化への保障","2026年3月4日（第128回）","周辺制度だが労働市場改革に接続"
"労働市場改革","省庁","7","労働政策審議会 雇用環境・均等分科会","https://www.mhlw.go.jp/stf/shingi/shingi-rousei_126989.html","厚生労働省","ハラスメント対策・均等政策・求職者保護・多様な働き方","2026年1月20日（第89回）","雇用環境整備の中核会議"
"労働市場改革","省庁","5","労働政策審議会 職業安定分科会・雇用環境・均等分科会 同一労働同一賃金部会","https://www.mhlw.go.jp/stf/shingi/shingi-rousei_443697.html","厚生労働省","同一労働同一賃金・非正規処遇改善・派遣/有期雇用","2026年3月2日（第30回）","処遇改善の中核部会"
"労働市場改革","省庁","","労働政策審議会 勤労者生活分科会","https://www.mhlw.go.jp/stf/shingi/shingi-rousei_126976.html","厚生労働省","勤労者生活・仕事と生活の両立・財形・労働者協同組合","2026年3月26日（第35回）","生活面・周辺制度を扱う分科会"
"労働市場改革","省庁","7","労働政策審議会 安全衛生分科会","https://www.mhlw.go.jp/stf/shingi/shingi-rousei_126972.html","厚生労働省","労働安全衛生・熱中症・産業医・健康診断制度","2026年3月16日（第184回）","安全衛生面の中核会議"
"労働市場改革","省庁","6","中央最低賃金審議会","https://www.mhlw.go.jp/stf/shingi/shingi-tingin_127939.html","厚生労働省","最低賃金・地域間格差・賃上げの制度基盤","2026年2月27日（第72回）","賃金制度面の重要会議"
"労働市場改革","省庁","","労働政策審議会 雇用保険部会","https://www.mhlw.go.jp/stf/shingi/shingi-rousei_126980_00007.html","厚生労働省","教育訓練給付制度・雇用保険・リスキリング支援","2024年8月27日（第197回）","教育訓練給付制度の制度面に接続"
"労働市場改革","関連施策・系譜","","報道発表資料 2026年3月（労働市場改革分科会開催案内掲載）","https://www.mhlw.go.jp/stf/houdou/houdou_list_202603.html","厚生労働省","労働市場改革関連の開催周知","2026年3月31日更新","第1回分科会開催案内を掲載"
"労働市場改革","関連施策・系譜","","報道発表資料 2026年4月（第2回労働市場改革分科会開催案内掲載）","https://www.mhlw.go.jp/stf/houdou/houdou_list_202604.html","厚生労働省","労働市場改革関連の開催周知","2026年4月更新","第2回分科会開催案内を掲載"
"家事等の負担軽減","官邸・政府横断","","日本成長戦略会議","https://www.cas.go.jp/jp/seisaku/nipponseichosenryaku/index.html","官邸","成長戦略全般・17戦略分野・8横断分野","2026年3月10日（第3回）","「家事等の負担軽減」は8横断分野の一つ"
"家事等の負担軽減","官邸・政府横断","1","家事等の負担軽減に資するサービスの利用促進に関する関係府省連絡会議","https://www.cas.go.jp/jp/seisaku/nipponseichosenryaku/kaji/index.html","内閣官房","家事支援サービス・家事/育児/介護負担軽減","2026年2月27日（第2回）","この横断分野の中核会議"
"家事等の負担軽減","官邸・政府横断","1","家事等の負担軽減に資するサービスの利用促進に関する関係府省連絡会議（第1回）","https://www.cas.go.jp/jp/seisaku/nipponseichosenryaku/kaji/dai1/gijishidai.html","内閣官房","家事支援サービス利用促進","2026年1月14日（第1回）","設置後初回会合"
"家事等の負担軽減","官邸・政府横断","","家事等の負担軽減に資するサービスの利用促進に関する関係府省連絡会議 設置根拠","https://www.cas.go.jp/jp/seisaku/nipponseichosenryaku/kaji/kaji_konkyo.pdf","関係府省申合せ","関係府省連絡会議の開催根拠","2026年1月14日","設置根拠文書"
"家事等の負担軽減","官邸・政府横断","5","男女共同参画会議","https://www.gender.go.jp/kaigi/danjo_kaigi/list.html","内閣府男女共同参画局","男女共同参画全般・家事/育児/介護負担の偏在是正","2026年3月13日（第77回）","上位の男女共同参画会議"
"家事等の負担軽減","官邸・政府横断","","計画実行・監視専門調査会","https://www.gender.go.jp/kaigi/senmon/keikaku_kanshi/index.html","内閣府男女共同参画局","男女共同参画基本計画の進捗監視・家事/育児/介護負担の偏在是正","直近開催日は今回個別確認未了","第6次基本計画の監視主体"
"家事等の負担軽減","省庁","2","こども家庭審議会 基本政策部会","https://www.cfa.go.jp/councils/shingikai/kihon_seisaku","こども家庭庁","こどもまんなか実行計画・子育て家庭支援・分野横断課題","2026年3月30日（第20回）","家事等の負担軽減を含む横断課題を審議"
"家事等の負担軽減","省庁","2","こども家庭審議会 基本政策部会（第20回）","https://www.cfa.go.jp/councils/shingikai/kihon_seisaku/81b5a46c","こども家庭庁","こどもまんなか実行計画2026骨子案","2026年3月30日（第20回）","骨子案審議"
"家事等の負担軽減","省庁","3","こども家庭審議会 子ども・子育て支援等分科会","https://www.cfa.go.jp/councils/shingikai/kodomo_kosodate","こども家庭庁","子育て支援・保育・家事支援サービス利用促進","2026年3月18日（第14回）","参考資料で家事支援サービス利用促進を扱う"
"家事等の負担軽減","省庁","","第14回 子ども・子育て支援等分科会","https://www.cfa.go.jp/councils/shingikai/kodomo_kosodate/60663bed","こども家庭庁","子育て支援・家事支援サービス利用促進","2026年3月18日（第14回）","参考資料10-1で家事支援サービス利用促進の検討状況を掲載"
"家事等の負担軽減","省庁","4","労働政策審議会 雇用環境・均等分科会","https://www.mhlw.go.jp/stf/shingi/shingi-rousei_126989.html","厚生労働省","仕事と家庭の両立・育児/介護と就業の両立・均等政策","2026年3月26日","一覧上で2026年3月26日の回まで確認可"
"家事等の負担軽減","省庁","","第89回 労働政策審議会 雇用環境・均等分科会","https://www.mhlw.go.jp/stf/newpage_68545.html","厚生労働省","仕事と家庭の両立・カスタマーハラスメント・求職者保護","2026年1月20日（第89回）","開催案内ページ"
"家事等の負担軽減","省庁","","労働政策審議会 人材開発分科会","https://www.mhlw.go.jp/stf/shingi/shingi-rousei_126986.html","厚生労働省","リスキリング・職業能力開発・両立支援に資する能力開発","2026年3月27日（第58回）","成長戦略資料で関連会議として言及"
"家事等の負担軽減","省庁","6","労働政策審議会 勤労者生活分科会","https://www.mhlw.go.jp/stf/shingi/shingi-rousei_126976.html","厚生労働省","仕事と生活の両立・勤労者福祉・生活面支援","2026年3月26日（第35回）","家事・介護・生活負担軽減の周辺制度を扱う"
"家事等の負担軽減","省庁","6","労働政策審議会 職業安定分科会","https://www.mhlw.go.jp/stf/shingi/shingi-rousei_126979.html","厚生労働省","雇用安定・労働移動・育児介護離職防止の雇用面","2026年3月27日（第223回）","両立支援の雇用制度面に接続"
"家事等の負担軽減","省庁","6","労働政策審議会 雇用保険部会","https://www.mhlw.go.jp/stf/shingi/shingi-rousei_126980_00007.html","厚生労働省","育児休業給付・教育訓練給付・雇用保険制度","2025年10月28日（第206回議事録確認）","育児休業給付の財政等を議論"
"家事等の負担軽減","関連施策・系譜","","第6次男女共同参画基本計画","https://www.gender.go.jp/about_danjo/basic_plans/6th/pdf/print.pdf","内閣府男女共同参画局","家事・育児・介護負担の偏在是正・男性の家事育児参画","2026年3月13日決定","会議体ではないが政策上位文書"
"家事等の負担軽減","関連施策・系譜","","こどもまんなか実行計画2026の策定に向けて","https://www.cfa.go.jp/assets/contents/node/basic_page/field_ref_resources/37e94e1a-afa9-47f8-9162-1cdb8187ea17/915cb894/20260227_councils_shingikai_kodomo_sodachi_37e94e1a_02.pdf","こども家庭庁","子育て家庭の負担軽減・家事支援サービス利用促進","2026年2月27日資料","基本政策部会と各分科会・部会の審議予定を整理"
"家事等の負担軽減","関連施策・系譜","","雇用環境・均等（政策ページ）","https://www.mhlw.go.jp/stf/seisakunitsuite/bunya/koyou_roudou/koyoukintou/index.html","厚生労働省","仕事と家庭の両立・育児介護休業・テレワーク活用","現行政策ページ","会議体ではないが実装政策の入口"
"賃上げ環境整備","官邸・政府横断","","日本成長戦略会議","https://www.cas.go.jp/jp/seisaku/nipponseichosenryaku/index.html","官邸","成長戦略全般・17戦略分野・8横断分野","2026年3月10日（第3回）","「賃上げ環境整備」は8横断分野の一つとして整理"
"賃上げ環境整備","官邸・政府横断","1","政労使の意見交換","https://www.cas.go.jp/jp/seisaku/nipponseichosenryaku/seiroushi/index.html","内閣官房","春季労使交渉・賃上げ機運醸成・賃上げ環境整備","2026年3月23日","賃上げ環境整備の中核会議"
"賃上げ環境整備","官邸・政府横断","1","政労使の意見交換（2025年11月25日）","https://www.cas.go.jp/jp/seisaku/nipponseichosenryaku/seiroushi/dai1/yaritori.pdf","内閣官房","2026年春季労使交渉に向けた意見交換","2025年11月25日","賃上げ環境整備担当大臣が議事進行"
"賃上げ環境整備","官邸・政府横断","2","賃上げに向けた中小企業等の活力向上に関するWG","https://www.cas.go.jp/jp/seisakukaigi/katsuryoku_kojyo/index.html","内閣官房・中小企業庁・厚生労働省","価格転嫁・取引適正化・省力化投資・生産性向上・最低賃金対応","2026年4月6日（第2回）","賃上げ環境整備の実務中核WG"
"賃上げ環境整備","官邸・政府横断","","第1回 賃上げに向けた中小企業等の活力向上に関するWG","https://www.chusho.meti.go.jp/keiei/torihiki/chinage_wg/001/001.html","内閣官房・中小企業庁・厚生労働省・公正取引委員会","価格転嫁・取引適正化・省力化投資","2025年12月22日（第1回）","取適法周知や労務費転嫁指針改正も報告"
"賃上げ環境整備","官邸・政府横断","","中小企業の活力向上に関するWG（前身）","https://www.chusho.meti.go.jp/keiei/torihiki/old_info.html","内閣官房・中小企業庁・厚生労働省","価格転嫁・取引条件改善・人手不足・最低賃金対応","2025年7月24日（第8回）","2026年から賃上げ向けWGへ再編"
"賃上げ環境整備","官邸・政府横断","","新しい資本主義実現会議","https://www.cas.go.jp/jp/seisaku/atarashii_sihonsyugi/","内閣官房","新しい資本主義全般・賃上げと投資が牽引する成長型経済","2025年10月3日（第37回）","賃上げ政策の上位会議"
"賃上げ環境整備","官邸・政府横断","1","政労使の意見交換（新しい資本主義実現会議系）","https://www.cas.go.jp/jp/seisaku/atarashii_sihonsyugi/seiroushi/dai7/yaritori.pdf","内閣官房","賃上げ・価格転嫁・最低賃金・支援助成金","2025年5月22日","現行賃上げ政策の継続性を示す上位対話"
"賃上げ環境整備","省庁","","労働政策審議会","https://www.mhlw.go.jp/stf/shingi/shingi-rousei_126897.html","厚生労働省","労働政策全般","2025年10月3日（第56回）","厚労省労働政策全体の上位審議会"
"賃上げ環境整備","省庁","6","労働政策審議会 人材開発分科会","https://www.mhlw.go.jp/stf/shingi/shingi-rousei_126986.html","厚生労働省","リスキリング・職業能力開発・賃上げを支える能力開発","2026年3月27日（第58回）","賃上げ環境整備の人材開発面"
"賃上げ環境整備","省庁","6","労働政策審議会 職業安定分科会","https://www.mhlw.go.jp/stf/shingi/shingi-rousei_126979.html","厚生労働省","雇用安定・労働移動・人手不足対応","2026年3月27日（第223回）","雇用制度面"
"賃上げ環境整備","省庁","6","労働政策審議会 労働条件分科会","https://www.mhlw.go.jp/stf/shingi/shingi-rousei_126969_00004.html","厚生労働省","労働条件・働き方改革・生産性向上","2026年3月13日（第207回）","働き方改革総点検を含む"
"賃上げ環境整備","省庁","3","中央最低賃金審議会","https://www.mhlw.go.jp/stf/shingi/shingi-tingin_127939.html","厚生労働省","最低賃金・地域間格差・賃上げの制度基盤","2026年2月27日（第72回）","賃金制度面の重要会議"
"賃上げ環境整備","省庁","3","中央最低賃金審議会 目安制度の在り方に関する全員協議会","https://www.mhlw.go.jp/stf/shingi/shingi-tingin_127939.html","厚生労働省","最低賃金目安制度見直し","2026年2月27日（第1回協議会）","第72回中央最低賃金審議会終了後に開催"
"賃上げ環境整備","省庁","5","地方版政労使会議","https://www.mhlw.go.jp/stf/web_magazine/closeup/39.html","厚生労働省・都道府県労働局等","地域の賃金引上げ・機運醸成・支援策周知","2026年1月〜2月に全国47都道府県で開催","地域実装の重要枠組み"
"賃上げ環境整備","省庁","","令和7年度東京都地方版政労使会議（東京労働懇談会）","https://www.mhlw.go.jp/stf/photo_report/2026/ph0202-01.html","厚生労働省・東京都等","地域の賃金引上げ・人材確保・生産性向上","2026年2月2日","地方版政労使会議の具体例"
"賃上げ環境整備","省庁","","社会保障審議会 介護給付費分科会","https://www.mhlw.go.jp/stf/shingi/shingi-hosho_128153.html","厚生労働省","介護分野の処遇改善・持続的な賃上げ環境整備","2025年12月12日（第250回資料確認）","介護分野の賃上げ議論を含む"
"賃上げ環境整備","省庁","","取引適正化、価格交渉・価格転嫁、官公需対策（政策ページ）","https://www.chusho.meti.go.jp/keiei/torihiki/index.html","中小企業庁","価格転嫁・取引適正化・賃上げ原資確保","2026年4月2日更新","会議体ではないが実務の入口"
"賃上げ環境整備","省庁","4","企業取引研究会","https://www.jftc.go.jp/soshiki/kyotsukoukai/kenkyukai/kigyoutorihiki/index.html","公正取引委員会","価格転嫁・支払条件適正化・物流商慣習・優越的地位濫用規制","2026年3月10日（第4回）","JFTCと中企庁が連携"
"賃上げ環境整備","省庁","","第4回企業取引研究会","https://www.jftc.go.jp/file/kigyotorihiki_r7_gijiyoshi4.pdf","公正取引委員会","価格転嫁・商慣習見直し・制度見直し","2026年3月10日（第4回）","議事要旨ページ"
"賃上げ環境整備","省庁","","有識者と公正取引委員会との懇談会","https://www.jftc.go.jp/houdou/pressrelease/2026/jan/260121minikoniken.html","公正取引委員会","適正な価格転嫁・取適法・フリーランス取引適正化","2026年1月21日","価格転嫁の外部有識者意見聴取"
"賃上げ環境整備","関連施策・系譜","","労務費の適切な転嫁のための価格交渉に関する指針（関連議論）","https://www.chusho.meti.go.jp/keiei/torihiki/chinage_wg/001/001.html","中小企業庁・公正取引委員会等","労務費転嫁・価格交渉・賃上げ原資確保","2025年12月22日WGで改正状況報告","会議体ではないが賃上げ環境整備の基礎文書"
"賃上げ環境整備","関連施策・系譜","","企業取引研究会報告書関連の意見募集","https://www.jftc.go.jp/houdou/pressrelease/2026/mar/260312_pubcomme_kotyokai.html","公正取引委員会","価格転嫁・支払条件・物流特殊指定・優越的地位濫用規制","2026年3月12日","研究会成果の制度化段階"
"賃上げ環境整備","関連施策・系譜","","中堅等大規模成長投資補助金 効果検証シナリオ（第3版）","https://www.meti.go.jp/policy/policy_management/ebpm/kensyo_shinario/260331_cyuken.pdf","経済産業省","省力化投資・労働生産性向上・持続的賃上げ","2026年3月31日公表","会議体ではないが賃上げ環境整備の投資支援資料"
"サイバーセキュリティ","官邸・政府横断","","日本成長戦略会議","https://www.cas.go.jp/jp/seisaku/nipponseichosenryaku/index.html","官邸","成長戦略全般・17戦略分野・8横断分野","2026年3月10日（第3回）","「サイバーセキュリティ」は8横断分野の一つ"
"サイバーセキュリティ","官邸・政府横断","2","サイバーセキュリティ戦略本部","https://www.cyber.go.jp/news/press","国家サイバー統括室（内閣官房）","サイバー政策全般・新戦略策定・能動的サイバー防御","2026年3月24日（第4回会合・持ち回り）","報道資料一覧で開催確認"
"サイバーセキュリティ","官邸・政府横断","1","サイバーセキュリティ推進専門家会議","https://www.cyber.go.jp/council/cs/cs_expert/index.html","国家サイバー統括室（内閣官房）","サイバー政策横断・人材・技術・成長戦略連携","2026年3月19日（第5回）","この横断分野の中核会議"
"サイバーセキュリティ","官邸・政府横断","","重要インフラ専門調査会","https://www.cyber.go.jp/news/list","国家サイバー統括室（内閣官房）","重要インフラ全体方針・安全基準等の改善状況評価","2025年5月29日（第39回）","新着情報で開催確認"
"サイバーセキュリティ","官邸・政府横断","3","重要インフラサイバーセキュリティ対策推進会議 課長級会議","https://www.cyber.go.jp/council/cs/cip_suishin/kacho","国家サイバー統括室（内閣官房）","重要インフラ・統一基準・行動計画","2026年3月18日（第5回）","重要インフラ対策の実務会議"
"サイバーセキュリティ","官邸・政府横断","","重要インフラサイバーセキュリティ研究会","https://www.cyber.go.jp/council/cs/cip_suishin/cip_cs_kenkyu/index.html","国家サイバー統括室（内閣官房）","重要インフラ分野別ヒアリング・対策強化","2026年3月4日（第3回）","重要インフラ分野の実務研究会"
"サイバーセキュリティ","官邸・政府横断","","サイバーインフラ事業者に求められる役割等の検討会","https://www.cyber.go.jp/council/cs/ciip/yakuwari/index.html","国家サイバー統括室（内閣官房）","ソフトウェア・ICTサービス供給者の責務・サプライチェーン対策","2026年2月5日（第4回）","2026年3月31日にガイドライン等公表"
"サイバーセキュリティ","官邸・政府横断","","サイバーセキュリティ対策推進会議（CISO等連絡会議）","https://www.cyber.go.jp/council/cs/taisaku","国家サイバー統括室（内閣官房）","政府機関等の統一基準・対策推進","2025年6月27日（第21回・持ち回り）","政府機関横断のCISO会議"
"サイバーセキュリティ","官邸・政府横断","6","サイバーセキュリティ人材フレームワークに関する検討会","https://www.cyber.go.jp/council/csjinzai/index.html","国家サイバー統括室（内閣官房）","サイバー人材フレームワーク・育成・活用","2026年3月27日（第4回）","人材エコシステム形成の実務会議"
"サイバーセキュリティ","省庁","","デジタル・サイバーセキュリティWG","https://www.digital.go.jp/councils/digital-cybersecurity","デジタル庁・経済産業省","デジタル政策・サイバーセキュリティ・官民投資ロードマップ","2026年4月6日（第2回）","17戦略分野側の司令塔WGだが横断分野とも密接"
"サイバーセキュリティ","省庁","5","データセキュリティWG","https://www.digital.go.jp/councils/data-security-wg","デジタル庁","データセキュリティ・越境移転・制度/技術/運用","2026年3月3日（第4回）","2026年3月11日にとりまとめ公表"
"サイバーセキュリティ","省庁","4","産業サイバーセキュリティ研究会","https://www.meti.go.jp/shingikai/mono_info_service/sangyo_cyber/","経済産業省","産業界全体のサイバー対策・供給力強化・制度設計","2026年4月3日（第10回）","経産省の中核研究会"
"サイバーセキュリティ","省庁","","産業サイバーセキュリティ研究会 WG1（実効性強化・国際連携）","https://www.meti.go.jp/shingikai/mono_info_service/sangyo_cyber/wg_seido/index.html","経済産業省","制度実効性強化・国際連携・セキュアバイデザイン","2026年3月10日（第12回）","SCS評価制度などの上位WG"
"サイバーセキュリティ","省庁","","サプライチェーン強化に向けたセキュリティ対策評価制度に関するSWG","https://www.meti.go.jp/shingikai/mono_info_service/sangyo_cyber/wg_seido/wg_supply_chain/index.html","経済産業省","サプライチェーン強化・SCS評価制度","2026年3月4日（第7回）","2026年3月27日に制度構築方針公表"
"サイバーセキュリティ","省庁","","産業サイバーセキュリティ研究会 WG3（産業振興・人材育成）","https://www.meti.go.jp/shingikai/mono_info_service/sangyo_cyber/wg_cybersecurity/","経済産業省","サイバーセキュリティ産業振興・人材育成","2026年3月12日（第10回）","供給能力強化・人材育成の主戦場"
"サイバーセキュリティ","省庁","","AIセキュリティ分科会","https://www.cyber.go.jp/pdf/council/cs/cs_expert/05/05document4.pdf","総務省","AIセキュリティ・AI活用システムの安全確保","2025年12月5日（第6回）","総務省の取組資料で確認"
"サイバーセキュリティ","省庁","","総務省有識者会議（AIセキュリティガイドライン検討）","https://www.cyber.go.jp/pdf/council/cs/cs_expert/05/05document4.pdf","総務省","AIセキュリティ・ガイドライン策定","2025年9月～12月に開催","推進専門家会議第5回資料で確認"
"サイバーセキュリティ","省庁","","金融庁の金融分野におけるサイバーセキュリティ取組（CSSA・ASM・Delta Wall）","https://www.fsa.go.jp/common/ronten/202601/03.pdf","金融庁","金融セクターのサイバー対策・演習・モニタリング","2026年3月6日資料","会議体ではないが金融分野の実務枠組み"
"サイバーセキュリティ","省庁","","暗号資産制度に関するWG","https://www.fsa.go.jp/singi/singi_kinyu/base.html","金融庁","暗号資産制度・投資家保護・サイバー対策","2025年12月10日（報告書公表）","2026年度以降CSSAを全業者へ実施予定"
"サイバーセキュリティ","関連施策・系譜","","新たなサイバーセキュリティ戦略","https://www.cyber.go.jp/pdf/policy/kihon-s/cs_strategy2025.pdf","内閣官房","防御・抑止、レジリエンス、人材・技術・産業の育成","2025年12月23日閣議決定","会議体ではないが横断分野の基礎文書"
"サイバーセキュリティ","関連施策・系譜","","サイバーセキュリティ（分野横断的課題）の今後の検討に向けて","https://www.cyber.go.jp/pdf/council/cs/cs_expert/04/04document1.pdf","国家サイバー統括室","能動的サイバー防御・政府機関/重要インフラ対策・人材/技術育成","2026年2月20日（第4回専門家会議資料）","横断分野の具体論点整理"
"サイバーセキュリティ","関連施策・系譜","","データセキュリティWGとりまとめ","https://www.digital.go.jp/news/03d22136-3125-4839-aeb9-655ff7134df6","デジタル庁","データセキュリティ・越境移転対応","2026年3月11日公表","会議体ではないが実務取りまとめ"
"サイバーセキュリティ","関連施策・系譜","","サプライチェーン強化に向けたセキュリティ対策評価制度に関する制度構築方針","https://www.meti.go.jp/press/2026/03/20260327001/20260327001.html","経済産業省・国家サイバー統括室","SCS評価制度・2026年度末頃の制度開始","2026年3月27日公表","会議体ではないが制度化の到達点"
"サイバーセキュリティ","関連施策・系譜","","サイバーセキュリティ人材フレームワーク 活用の手引き2026","https://www.cyber.go.jp/pdf/council/csjinzai/tebikisyo2026-4-1.pdf","国家サイバー統括室","サイバー人材育成・活用","2026年4月1日公表","会議体ではないが人材面の実装文書"